Security,Maturity,Amount,Coupon,CF_Date,CouponAmount,Capital
 TB364 2025/02/14,2025-02-14,25355538000.0,TB,2025-02-14,0.0,25355538000.0
 TB182 2025/02/14,2025-02-14,22500000000.0,TB,2025-02-14,0.0,22500000000.0
 TB091 2025/02/14,2025-02-14,17500000000.0,TB,2025-02-14,0.0,17500000000.0
 TB091 2025/02/14,2025-02-14,3000000000.0,TB,2025-02-14,0.0,3000000000.0
 TB364 2025/02/21,2025-02-21,2216000000.0,TB,2025-02-21,0.0,2216000000.0
 TB182 2025/02/21,2025-02-21,14000000000.0,TB,2025-02-21,0.0,14000000000.0
 TB091 2025/02/21,2025-02-21,15631679000.0,TB,2025-02-21,0.0,15631679000.0
 TB364 2025/02/28,2025-02-28,15500000000.0,TB,2025-02-28,0.0,15500000000.0
 TB182 2025/02/28,2025-02-28,24000000000.0,TB,2025-02-28,0.0,24000000000.0
 TB091 2025/02/28,2025-02-28,30407332000.0,TB,2025-02-28,0.0,30407332000.0
 TB364 2025/03/07,2025-03-07,1000000000.0,TB,2025-03-07,0.0,1000000000.0
 TB364 2025/03/07,2025-03-07,10500000000.0,TB,2025-03-07,0.0,10500000000.0
 TB182 2025/03/07,2025-03-07,6000000000.0,TB,2025-03-07,0.0,6000000000.0
 TB091 2025/03/07,2025-03-07,13471813000.0,TB,2025-03-07,0.0,13471813000.0
 TB364 2025/03/14,2025-03-14,18500000000.0,TB,2025-03-14,0.0,18500000000.0
 TB182 2025/03/14,2025-03-14,10000000000.0,TB,2025-03-14,0.0,10000000000.0
 TB091 2025/03/14,2025-03-14,16719988000.0,TB,2025-03-14,0.0,16719988000.0
 10.25%2025A,2025-03-15,27747120000.0,10.25,2025-03-15,1422039900.0,27747120000.0
 TB364 2025/03/21,2025-03-21,3000000000.0,TB,2025-03-21,0.0,3000000000.0
 TB182 2025/03/21,2025-03-21,7750000000.0,TB,2025-03-21,0.0,7750000000.0
 TB091 2025/03/21,2025-03-21,16967472000.0,TB,2025-03-21,0.0,16967472000.0
 TB182 2025/03/28,2025-03-28,3598164000.0,TB,2025-03-28,0.0,3598164000.0
 TB091 2025/03/28,2025-03-28,900063000.0,TB,2025-03-28,0.0,900063000.0
 TB364 2025/04/04,2025-04-04,1426667000.0,TB,2025-04-04,0.0,1426667000.0
 TB182 2025/04/04,2025-04-04,7000000000.0,TB,2025-04-04,0.0,7000000000.0
 TB091 2025/04/04,2025-04-04,20000000000.0,TB,2025-04-04,0.0,20000000000.0
 TB182 2025/04/11,2025-04-11,5933000000.0,TB,2025-04-11,0.0,5933000000.0
 TB182 2025/04/18,2025-04-18,11000000000.0,TB,2025-04-18,0.0,11000000000.0
 TB182 2025/04/25,2025-04-25,10000000000.0,TB,2025-04-25,0.0,10000000000.0
 TB091 2025/04/25,2025-04-25,29276339000.0,TB,2025-04-25,0.0,29276339000.0
 09.00%2025A,2025-05-01,31654307900.0,9.0,2025-05-01,1424443855.5,31654307900.0
 TB364 2025/05/02,2025-05-02,1000000000.0,TB,2025-05-02,0.0,1000000000.0
 TB182 2025/05/02,2025-05-02,15500000000.0,TB,2025-05-02,0.0,15500000000.0
 TB364 2025/05/09,2025-05-09,5048409000.0,TB,2025-05-09,0.0,5048409000.0
 TB182 2025/05/09,2025-05-09,10148778000.0,TB,2025-05-09,0.0,10148778000.0
 TB091 2025/05/09,2025-05-09,856738000.0,TB,2025-05-09,0.0,856738000.0
 TB364 2025/05/16,2025-05-16,10000000000.0,TB,2025-05-16,0.0,10000000000.0
 TB182 2025/05/16,2025-05-16,10918468000.0,TB,2025-05-16,0.0,10918468000.0
 TB364 2025/05/23,2025-05-23,9964818000.0,TB,2025-05-23,0.0,9964818000.0
 TB182 2025/05/23,2025-05-23,22005896000.0,TB,2025-05-23,0.0,22005896000.0
 TB364 2025/05/30,2025-05-30,7914261000.0,TB,2025-05-30,0.0,7914261000.0
 TB182 2025/05/30,2025-05-30,26397032000.0,TB,2025-05-30,0.0,26397032000.0
 17.00%2025A,2025-06-01,25080700000.0,17.0,2025-06-01,2131859500.0,25080700000.0
 TB364 2025/06/06,2025-06-06,600000000.0,TB,2025-06-06,0.0,600000000.0
 TB182 2025/06/06,2025-06-06,15000000000.0,TB,2025-06-06,0.0,15000000000.0
 TB364 2025/06/13,2025-06-13,500000000.0,TB,2025-06-13,0.0,500000000.0
 TB182 2025/06/13,2025-06-13,17580979000.0,TB,2025-06-13,0.0,17580979000.0
 TB364 2025/06/20,2025-06-20,2465219276.0,TB,2025-06-20,0.0,2465219276.0
 TB182 2025/06/20,2025-06-20,13918825000.0,TB,2025-06-20,0.0,13918825000.0
 TB182 2025/06/27,2025-06-27,2784594000.0,TB,2025-06-27,0.0,2784594000.0
 18.00%2025A,2025-07-01,92493960000.0,18.0,2025-07-01,8324456400.0,92493960000.0
 TB364 2025/07/04,2025-07-04,4573000000.0,TB,2025-07-04,0.0,4573000000.0
 TB182 2025/07/04,2025-07-04,7500000000.0,TB,2025-07-04,0.0,7500000000.0
 1.00% 2025A,2025-07-15,45347375730.0,9.5,2025-07-15,2154000347.175,45347375730.0
 1.00% 2025A,2025-07-15,45347375730.0,9.5,2025-01-15,2154000347.175,0.0
 TB364 2025/07/25,2025-07-25,7000000000.0,TB,2025-07-25,0.0,7000000000.0
 TB182 2025/07/25,2025-07-25,22642256000.0,TB,2025-07-25,0.0,22642256000.0
 11.00%2025A,2025-08-01,1600780800.0,11.0,2025-08-01,88042944.0,1600780800.0
 11.00%2025A,2025-08-01,1600780800.0,11.0,2025-02-01,88042944.0,0.0
 TB364 2025/08/01,2025-08-01,3500000000.0,TB,2025-08-01,0.0,3500000000.0
 TB182 2025/08/01,2025-08-01,5000000000.0,TB,2025-08-01,0.0,5000000000.0
 TB182 2025/08/08,2025-08-08,6159823000.0,TB,2025-08-08,0.0,6159823000.0
 TB364 2025/08/15,2025-08-15,5000000000.0,TB,2025-08-15,0.0,5000000000.0
 10.35%2025A,2025-10-15,36782690000.0,10.35,2025-10-15,1903504207.5,36782690000.0
 10.35%2025A,2025-10-15,36782690000.0,10.35,2025-04-15,1903504207.5,0.0
 TB364 2025/10/17,2025-10-17,7000000000.0,TB,2025-10-17,0.0,7000000000.0
 TB364 2025/10/24,2025-10-24,5000000000.0,TB,2025-10-24,0.0,5000000000.0
 TB364 2025/11/07,2025-11-07,3100000000.0,TB,2025-11-07,0.0,3100000000.0
 TB364 2025/11/14,2025-11-14,1000000000.0,TB,2025-11-14,0.0,1000000000.0
 TB364 2025/11/21,2025-11-21,17436220000.0,TB,2025-11-21,0.0,17436220000.0
 TB364 2025/11/28,2025-11-28,2000000000.0,TB,2025-11-28,0.0,2000000000.0
 TB364 2025/12/05,2025-12-05,21404993000.0,TB,2025-12-05,0.0,21404993000.0
 TB364 2025/12/12,2025-12-12,7326418000.0,TB,2025-12-12,0.0,7326418000.0
 TB364 2025/12/19,2025-12-19,8473986000.0,TB,2025-12-19,0.0,8473986000.0
 TB364 2025/12/26,2025-12-26,11495988000.0,TB,2025-12-26,0.0,11495988000.0
 TB364 2026/01/02,2026-01-02,12000000000.0,TB,2026-01-02,0.0,12000000000.0
 TB364 2026/01/23,2026-01-23,10000000000.0,TB,2026-01-23,0.0,10000000000.0
 09.00%2026A,2026-02-01,15000000000.0,9.0,2026-02-01,675000000.0,15000000000.0
 09.00%2026A,2026-02-01,15000000000.0,9.0,2025-08-01,675000000.0,0.0
 09.00%2026A,2026-02-01,15000000000.0,9.0,2025-02-01,675000000.0,0.0
 TB364 2026/02/06,2026-02-06,8152693000.0,TB,2026-02-06,0.0,8152693000.0
 05.35%2026A,2026-03-01,76473380000.0,5.35,2026-03-01,2045662915.0,76473380000.0
 05.35%2026A,2026-03-01,76473380000.0,5.35,2025-09-01,2045662915.0,0.0
 05.35%2026A,2026-03-01,76473380000.0,5.35,2025-03-01,2045662915.0,0.0
 22.50%2026A,2026-05-15,11074620000.0,22.5,2026-05-15,1245894750.0,11074620000.0
 22.50%2026A,2026-05-15,11074620000.0,22.5,2025-11-15,1245894750.0,0.0
 22.50%2026A,2026-05-15,11074620000.0,22.5,2025-05-15,1245894750.0,0.0
 11.00%2026A,2026-06-01,3433062900.0,11.0,2026-06-01,188818459.5,3433062900.0
 11.00%2026A,2026-06-01,3433062900.0,11.0,2025-12-01,188818459.5,0.0
 11.00%2026A,2026-06-01,3433062900.0,11.0,2025-06-01,188818459.5,0.0
 11.50%2026A,2026-08-01,50000000.0,11.5,2026-08-01,2875000.0,50000000.0
 11.50%2026A,2026-08-01,50000000.0,11.5,2026-02-01,2875000.0,0.0
 11.50%2026A,2026-08-01,50000000.0,11.5,2025-08-01,2875000.0,0.0
 11.50%2026A,2026-08-01,50000000.0,11.5,2025-02-01,2875000.0,0.0
 11.50%2026A,2026-08-01,15105602300.0,11.5,2026-08-01,868572132.25,15105602300.0
 11.50%2026A,2026-08-01,15105602300.0,11.5,2026-02-01,868572132.25,0.0
 11.50%2026A,2026-08-01,15105602300.0,11.5,2025-08-01,868572132.25,0.0
 11.50%2026A,2026-08-01,15105602300.0,11.5,2025-02-01,868572132.25,0.0
 11.25%2026A,2026-12-15,37000000000.0,11.25,2026-12-15,2081250000.0,37000000000.0
 11.25%2026A,2026-12-15,37000000000.0,11.25,2026-06-15,2081250000.0,0.0
 11.25%2026A,2026-12-15,37000000000.0,11.25,2025-12-15,2081250000.0,0.0
 11.25%2026A,2026-12-15,37000000000.0,11.25,2025-06-15,2081250000.0,0.0
 05.00%2026A,2026-12-20,9142220000.0,5.0,2026-12-20,228555500.0,9142220000.0
 05.00%2026A,2026-12-20,9142220000.0,5.0,2026-06-20,228555500.0,0.0
 05.00%2026A,2026-12-20,9142220000.0,5.0,2025-12-20,228555500.0,0.0
 05.00%2026A,2026-12-20,9142220000.0,5.0,2025-06-20,228555500.0,0.0
 11.40%2027A,2027-01-15,49739500000.0,11.4,2027-01-15,2835151500.0,49739500000.0
 11.40%2027A,2027-01-15,49739500000.0,11.4,2026-07-15,2835151500.0,0.0
 11.40%2027A,2027-01-15,49739500000.0,11.4,2026-01-15,2835151500.0,0.0
 11.40%2027A,2027-01-15,49739500000.0,11.4,2025-07-15,2835151500.0,0.0
 11.40%2027A,2027-01-15,49739500000.0,11.4,2025-01-15,2835151500.0,0.0
 11.75%2027A,2027-06-15,57662770000.0,11.75,2027-06-15,3387687737.5,57662770000.0
 11.75%2027A,2027-06-15,57662770000.0,11.75,2026-12-15,3387687737.5,0.0
 11.75%2027A,2027-06-15,57662770000.0,11.75,2026-06-15,3387687737.5,0.0
 11.75%2027A,2027-06-15,57662770000.0,11.75,2025-12-15,3387687737.5,0.0
 11.75%2027A,2027-06-15,57662770000.0,11.75,2025-06-15,3387687737.5,0.0
 1.00% 2027A,2027-07-15,45347375729.0,9.5,2027-07-15,2154000347.1275,45347375729.0
 1.00% 2027A,2027-07-15,45347375729.0,9.5,2027-01-15,2154000347.1275,0.0
 1.00% 2027A,2027-07-15,45347375729.0,9.5,2026-07-15,2154000347.1275,0.0
 1.00% 2027A,2027-07-15,45347375729.0,9.5,2026-01-15,2154000347.1275,0.0
 1.00% 2027A,2027-07-15,45347375729.0,9.5,2025-07-15,2154000347.1275,0.0
 1.00% 2027A,2027-07-15,45347375729.0,9.5,2025-01-15,2154000347.1275,0.0
 07.80%2027A,2027-08-15,250000000.0,7.8,2027-08-15,9750000.0,250000000.0
 07.80%2027A,2027-08-15,250000000.0,7.8,2027-02-15,9750000.0,0.0
 07.80%2027A,2027-08-15,250000000.0,7.8,2026-08-15,9750000.0,0.0
 07.80%2027A,2027-08-15,250000000.0,7.8,2026-02-15,9750000.0,0.0
 07.80%2027A,2027-08-15,250000000.0,7.8,2025-08-15,9750000.0,0.0
 07.80%2027A,2027-08-15,250000000.0,7.8,2025-02-15,9750000.0,0.0
 20.00%2027A,2027-09-15,6041290000.0,20.0,2027-09-15,604129000.0,6041290000.0
 20.00%2027A,2027-09-15,6041290000.0,20.0,2027-03-15,604129000.0,0.0
 20.00%2027A,2027-09-15,6041290000.0,20.0,2026-09-15,604129000.0,0.0
 20.00%2027A,2027-09-15,6041290000.0,20.0,2026-03-15,604129000.0,0.0
 20.00%2027A,2027-09-15,6041290000.0,20.0,2025-09-15,604129000.0,0.0
 20.00%2027A,2027-09-15,6041290000.0,20.0,2025-03-15,604129000.0,0.0
 10.30%2027A,2027-10-15,39045189000.0,10.3,2027-10-15,2010827233.5,39045189000.0
 10.30%2027A,2027-10-15,39045189000.0,10.3,2027-04-15,2010827233.5,0.0
 10.30%2027A,2027-10-15,39045189000.0,10.3,2026-10-15,2010827233.5,0.0
 10.30%2027A,2027-10-15,39045189000.0,10.3,2026-04-15,2010827233.5,0.0
 10.30%2027A,2027-10-15,39045189000.0,10.3,2025-10-15,2010827233.5,0.0
 10.30%2027A,2027-10-15,39045189000.0,10.3,2025-04-15,2010827233.5,0.0
 11.25%2027A,2027-12-15,20260390000.0,11.25,2027-12-15,1139646937.5,20260390000.0
 11.25%2027A,2027-12-15,20260390000.0,11.25,2027-06-15,1139646937.5,0.0
 11.25%2027A,2027-12-15,20260390000.0,11.25,2026-12-15,1139646937.5,0.0
 11.25%2027A,2027-12-15,20260390000.0,11.25,2026-06-15,1139646937.5,0.0
 11.25%2027A,2027-12-15,20260390000.0,11.25,2025-12-15,1139646937.5,0.0
 11.25%2027A,2027-12-15,20260390000.0,11.25,2025-06-15,1139646937.5,0.0
 10.75%2028B,2028-02-15,47821355000.0,10.75,2028-02-15,2570397831.25,47821355000.0
 10.75%2028B,2028-02-15,47821355000.0,10.75,2027-08-15,2570397831.25,0.0
 10.75%2028B,2028-02-15,47821355000.0,10.75,2027-02-15,2570397831.25,0.0
 10.75%2028B,2028-02-15,47821355000.0,10.75,2026-08-15,2570397831.25,0.0
 10.75%2028B,2028-02-15,47821355000.0,10.75,2026-02-15,2570397831.25,0.0
 10.75%2028B,2028-02-15,47821355000.0,10.75,2025-08-15,2570397831.25,0.0
 10.75%2028B,2028-02-15,47821355000.0,10.75,2025-02-15,2570397831.25,0.0
 10.75%2028A,2028-03-15,18259347000.0,10.75,2028-03-15,981439901.25,18259347000.0
 10.75%2028A,2028-03-15,18259347000.0,10.75,2027-09-15,981439901.25,0.0
 10.75%2028A,2028-03-15,18259347000.0,10.75,2027-03-15,981439901.25,0.0
 10.75%2028A,2028-03-15,18259347000.0,10.75,2026-09-15,981439901.25,0.0
 10.75%2028A,2028-03-15,18259347000.0,10.75,2026-03-15,981439901.25,0.0
 10.75%2028A,2028-03-15,18259347000.0,10.75,2025-09-15,981439901.25,0.0
 10.75%2028A,2028-03-15,18259347000.0,10.75,2025-03-15,981439901.25,0.0
 09.00%2028B,2028-05-01,1000000000.0,9.0,2028-05-01,45000000.0,1000000000.0
 09.00%2028B,2028-05-01,1000000000.0,9.0,2027-11-01,45000000.0,0.0
 09.00%2028B,2028-05-01,1000000000.0,9.0,2027-05-01,45000000.0,0.0
 09.00%2028B,2028-05-01,1000000000.0,9.0,2026-11-01,45000000.0,0.0
 09.00%2028B,2028-05-01,1000000000.0,9.0,2026-05-01,45000000.0,0.0
 09.00%2028B,2028-05-01,1000000000.0,9.0,2025-11-01,45000000.0,0.0
 09.00%2028B,2028-05-01,1000000000.0,9.0,2025-05-01,45000000.0,0.0
 09.00%2028A,2028-07-01,11550000000.0,9.0,2028-07-01,519750000.0,11550000000.0
 09.00%2028A,2028-07-01,11550000000.0,9.0,2028-01-01,519750000.0,0.0
 09.00%2028A,2028-07-01,11550000000.0,9.0,2027-07-01,519750000.0,0.0
 09.00%2028A,2028-07-01,11550000000.0,9.0,2027-01-01,519750000.0,0.0
 09.00%2028A,2028-07-01,11550000000.0,9.0,2026-07-01,519750000.0,0.0
 09.00%2028A,2028-07-01,11550000000.0,9.0,2026-01-01,519750000.0,0.0
 09.00%2028A,2028-07-01,11550000000.0,9.0,2025-07-01,519750000.0,0.0
 11.50%2028A,2028-09-01,116800000000.0,11.5,2028-09-01,6716000000.0,116800000000.0
 11.50%2028A,2028-09-01,116800000000.0,11.5,2028-03-01,6716000000.0,0.0
 11.50%2028A,2028-09-01,116800000000.0,11.5,2027-09-01,6716000000.0,0.0
 11.50%2028A,2028-09-01,116800000000.0,11.5,2027-03-01,6716000000.0,0.0
 11.50%2028A,2028-09-01,116800000000.0,11.5,2026-09-01,6716000000.0,0.0
 11.50%2028A,2028-09-01,116800000000.0,11.5,2026-03-01,6716000000.0,0.0
 11.50%2028A,2028-09-01,116800000000.0,11.5,2025-09-01,6716000000.0,0.0
 11.50%2028A,2028-09-01,116800000000.0,11.5,2025-03-01,6716000000.0,0.0
 11.00%2028A,2028-10-15,55700000000.0,11.0,2028-10-15,3063500000.0,55700000000.0
 11.00%2028A,2028-10-15,55700000000.0,11.0,2028-04-15,3063500000.0,0.0
 11.00%2028A,2028-10-15,55700000000.0,11.0,2027-10-15,3063500000.0,0.0
 11.00%2028A,2028-10-15,55700000000.0,11.0,2027-04-15,3063500000.0,0.0
 11.00%2028A,2028-10-15,55700000000.0,11.0,2026-10-15,3063500000.0,0.0
 11.00%2028A,2028-10-15,55700000000.0,11.0,2026-04-15,3063500000.0,0.0
 11.00%2028A,2028-10-15,55700000000.0,11.0,2025-10-15,3063500000.0,0.0
 11.00%2028A,2028-10-15,55700000000.0,11.0,2025-04-15,3063500000.0,0.0
 11.50%2028B,2028-12-15,35096984000.0,11.5,2028-12-15,2018076580.0,35096984000.0
 11.50%2028B,2028-12-15,35096984000.0,11.5,2028-06-15,2018076580.0,0.0
 11.50%2028B,2028-12-15,35096984000.0,11.5,2027-12-15,2018076580.0,0.0
 11.50%2028B,2028-12-15,35096984000.0,11.5,2027-06-15,2018076580.0,0.0
 11.50%2028B,2028-12-15,35096984000.0,11.5,2026-12-15,2018076580.0,0.0
 11.50%2028B,2028-12-15,35096984000.0,11.5,2026-06-15,2018076580.0,0.0
 11.50%2028B,2028-12-15,35096984000.0,11.5,2025-12-15,2018076580.0,0.0
 11.50%2028B,2028-12-15,35096984000.0,11.5,2025-06-15,2018076580.0,0.0
 13.00%2029A,2029-01-01,5327430000.0,13.0,2029-01-01,346282950.0,5327430000.0
 13.00%2029A,2029-01-01,5327430000.0,13.0,2028-07-01,346282950.0,0.0
 13.00%2029A,2029-01-01,5327430000.0,13.0,2028-01-01,346282950.0,0.0
 13.00%2029A,2029-01-01,5327430000.0,13.0,2027-07-01,346282950.0,0.0
 13.00%2029A,2029-01-01,5327430000.0,13.0,2027-01-01,346282950.0,0.0
 13.00%2029A,2029-01-01,5327430000.0,13.0,2026-07-01,346282950.0,0.0
 13.00%2029A,2029-01-01,5327430000.0,13.0,2026-01-01,346282950.0,0.0
 13.00%2029A,2029-01-01,5327430000.0,13.0,2025-07-01,346282950.0,0.0
 13.00%2029B,2029-05-01,7679167000.0,13.0,2029-05-01,499145855.0,7679167000.0
 13.00%2029B,2029-05-01,7679167000.0,13.0,2028-11-01,499145855.0,0.0
 13.00%2029B,2029-05-01,7679167000.0,13.0,2028-05-01,499145855.0,0.0
 13.00%2029B,2029-05-01,7679167000.0,13.0,2027-11-01,499145855.0,0.0
 13.00%2029B,2029-05-01,7679167000.0,13.0,2027-05-01,499145855.0,0.0
 13.00%2029B,2029-05-01,7679167000.0,13.0,2026-11-01,499145855.0,0.0
 13.00%2029B,2029-05-01,7679167000.0,13.0,2026-05-01,499145855.0,0.0
 13.00%2029B,2029-05-01,7679167000.0,13.0,2025-11-01,499145855.0,0.0
 13.00%2029B,2029-05-01,7679167000.0,13.0,2025-05-01,499145855.0,0.0
 11.75%2029A,2029-06-15,15079752000.0,11.75,2029-06-15,885935430.0,15079752000.0
 11.75%2029A,2029-06-15,15079752000.0,11.75,2028-12-15,885935430.0,0.0
 11.75%2029A,2029-06-15,15079752000.0,11.75,2028-06-15,885935430.0,0.0
 11.75%2029A,2029-06-15,15079752000.0,11.75,2027-12-15,885935430.0,0.0
 11.75%2029A,2029-06-15,15079752000.0,11.75,2027-06-15,885935430.0,0.0
 11.75%2029A,2029-06-15,15079752000.0,11.75,2026-12-15,885935430.0,0.0
 11.75%2029A,2029-06-15,15079752000.0,11.75,2026-06-15,885935430.0,0.0
 11.75%2029A,2029-06-15,15079752000.0,11.75,2025-12-15,885935430.0,0.0
 11.75%2029A,2029-06-15,15079752000.0,11.75,2025-06-15,885935430.0,0.0
 20.00%2029A,2029-07-15,50000000.0,20.0,2029-07-15,5000000.0,50000000.0
 20.00%2029A,2029-07-15,50000000.0,20.0,2029-01-15,5000000.0,0.0
 20.00%2029A,2029-07-15,50000000.0,20.0,2028-07-15,5000000.0,0.0
 20.00%2029A,2029-07-15,50000000.0,20.0,2028-01-15,5000000.0,0.0
 20.00%2029A,2029-07-15,50000000.0,20.0,2027-07-15,5000000.0,0.0
 20.00%2029A,2029-07-15,50000000.0,20.0,2027-01-15,5000000.0,0.0
 20.00%2029A,2029-07-15,50000000.0,20.0,2026-07-15,5000000.0,0.0
 20.00%2029A,2029-07-15,50000000.0,20.0,2026-01-15,5000000.0,0.0
 20.00%2029A,2029-07-15,50000000.0,20.0,2025-07-15,5000000.0,0.0
 20.00%2029A,2029-07-15,50000000.0,20.0,2025-01-15,5000000.0,0.0
 1.00% 2029A,2029-07-15,45347375729.0,9.5,2029-07-15,2154000347.1275,45347375729.0
 1.00% 2029A,2029-07-15,45347375729.0,9.5,2029-01-15,2154000347.1275,0.0
 1.00% 2029A,2029-07-15,45347375729.0,9.5,2028-07-15,2154000347.1275,0.0
 1.00% 2029A,2029-07-15,45347375729.0,9.5,2028-01-15,2154000347.1275,0.0
 1.00% 2029A,2029-07-15,45347375729.0,9.5,2027-07-15,2154000347.1275,0.0
 1.00% 2029A,2029-07-15,45347375729.0,9.5,2027-01-15,2154000347.1275,0.0
 1.00% 2029A,2029-07-15,45347375729.0,9.5,2026-07-15,2154000347.1275,0.0
 1.00% 2029A,2029-07-15,45347375729.0,9.5,2026-01-15,2154000347.1275,0.0
 1.00% 2029A,2029-07-15,45347375729.0,9.5,2025-07-15,2154000347.1275,0.0
 1.00% 2029A,2029-07-15,45347375729.0,9.5,2025-01-15,2154000347.1275,0.0
 11.00%2029A,2029-09-15,19689009000.0,11.0,2029-09-15,1082895495.0,19689009000.0
 11.00%2029A,2029-09-15,19689009000.0,11.0,2029-03-15,1082895495.0,0.0
 11.00%2029A,2029-09-15,19689009000.0,11.0,2028-09-15,1082895495.0,0.0
 11.00%2029A,2029-09-15,19689009000.0,11.0,2028-03-15,1082895495.0,0.0
 11.00%2029A,2029-09-15,19689009000.0,11.0,2027-09-15,1082895495.0,0.0
 11.00%2029A,2029-09-15,19689009000.0,11.0,2027-03-15,1082895495.0,0.0
 11.00%2029A,2029-09-15,19689009000.0,11.0,2026-09-15,1082895495.0,0.0
 11.00%2029A,2029-09-15,19689009000.0,11.0,2026-03-15,1082895495.0,0.0
 11.00%2029A,2029-09-15,19689009000.0,11.0,2025-09-15,1082895495.0,0.0
 11.00%2029A,2029-09-15,19689009000.0,11.0,2025-03-15,1082895495.0,0.0
 11.00%2029B,2029-12-15,18200000000.0,11.0,2029-12-15,1001000000.0,18200000000.0
 11.00%2029B,2029-12-15,18200000000.0,11.0,2029-06-15,1001000000.0,0.0
 11.00%2029B,2029-12-15,18200000000.0,11.0,2028-12-15,1001000000.0,0.0
 11.00%2029B,2029-12-15,18200000000.0,11.0,2028-06-15,1001000000.0,0.0
 11.00%2029B,2029-12-15,18200000000.0,11.0,2027-12-15,1001000000.0,0.0
 11.00%2029B,2029-12-15,18200000000.0,11.0,2027-06-15,1001000000.0,0.0
 11.00%2029B,2029-12-15,18200000000.0,11.0,2026-12-15,1001000000.0,0.0
 11.00%2029B,2029-12-15,18200000000.0,11.0,2026-06-15,1001000000.0,0.0
 11.00%2029B,2029-12-15,18200000000.0,11.0,2025-12-15,1001000000.0,0.0
 11.00%2029B,2029-12-15,18200000000.0,11.0,2025-06-15,1001000000.0,0.0
 11.00%2030A,2030-05-15,429700.0,11.0,2030-05-15,23633.5,429700.0
 11.00%2030A,2030-05-15,429700.0,11.0,2029-11-15,23633.5,0.0
 11.00%2030A,2030-05-15,429700.0,11.0,2029-05-15,23633.5,0.0
 11.00%2030A,2030-05-15,429700.0,11.0,2028-11-15,23633.5,0.0
 11.00%2030A,2030-05-15,429700.0,11.0,2028-05-15,23633.5,0.0
 11.00%2030A,2030-05-15,429700.0,11.0,2027-11-15,23633.5,0.0
 11.00%2030A,2030-05-15,429700.0,11.0,2027-05-15,23633.5,0.0
 11.00%2030A,2030-05-15,429700.0,11.0,2026-11-15,23633.5,0.0
 11.00%2030A,2030-05-15,429700.0,11.0,2026-05-15,23633.5,0.0
 11.00%2030A,2030-05-15,429700.0,11.0,2025-11-15,23633.5,0.0
 11.00%2030A,2030-05-15,429700.0,11.0,2025-05-15,23633.5,0.0
 11.00%2030A,2030-05-15,150000000.0,11.0,2030-05-15,8250000.0,150000000.0
 11.00%2030A,2030-05-15,150000000.0,11.0,2029-11-15,8250000.0,0.0
 11.00%2030A,2030-05-15,150000000.0,11.0,2029-05-15,8250000.0,0.0
 11.00%2030A,2030-05-15,150000000.0,11.0,2028-11-15,8250000.0,0.0
 11.00%2030A,2030-05-15,150000000.0,11.0,2028-05-15,8250000.0,0.0
 11.00%2030A,2030-05-15,150000000.0,11.0,2027-11-15,8250000.0,0.0
 11.00%2030A,2030-05-15,150000000.0,11.0,2027-05-15,8250000.0,0.0
 11.00%2030A,2030-05-15,150000000.0,11.0,2026-11-15,8250000.0,0.0
 11.00%2030A,2030-05-15,150000000.0,11.0,2026-05-15,8250000.0,0.0
 11.00%2030A,2030-05-15,150000000.0,11.0,2025-11-15,8250000.0,0.0
 11.00%2030A,2030-05-15,150000000.0,11.0,2025-05-15,8250000.0,0.0
 11.00%2030B,2030-10-15,3500000000.0,11.0,2030-10-15,192500000.0,3500000000.0
 11.00%2030B,2030-10-15,3500000000.0,11.0,2030-04-15,192500000.0,0.0
 11.00%2030B,2030-10-15,3500000000.0,11.0,2029-10-15,192500000.0,0.0
 11.00%2030B,2030-10-15,3500000000.0,11.0,2029-04-15,192500000.0,0.0
 11.00%2030B,2030-10-15,3500000000.0,11.0,2028-10-15,192500000.0,0.0
 11.00%2030B,2030-10-15,3500000000.0,11.0,2028-04-15,192500000.0,0.0
 11.00%2030B,2030-10-15,3500000000.0,11.0,2027-10-15,192500000.0,0.0
 11.00%2030B,2030-10-15,3500000000.0,11.0,2027-04-15,192500000.0,0.0
 11.00%2030B,2030-10-15,3500000000.0,11.0,2026-10-15,192500000.0,0.0
 11.00%2030B,2030-10-15,3500000000.0,11.0,2026-04-15,192500000.0,0.0
 11.00%2030B,2030-10-15,3500000000.0,11.0,2025-10-15,192500000.0,0.0
 11.00%2030B,2030-10-15,3500000000.0,11.0,2025-04-15,192500000.0,0.0
 11.25%2031A,2031-03-15,18871870000.0,11.25,2031-03-15,1061542687.5,18871870000.0
 11.25%2031A,2031-03-15,18871870000.0,11.25,2030-09-15,1061542687.5,0.0
 11.25%2031A,2031-03-15,18871870000.0,11.25,2030-03-15,1061542687.5,0.0
 11.25%2031A,2031-03-15,18871870000.0,11.25,2029-09-15,1061542687.5,0.0
 11.25%2031A,2031-03-15,18871870000.0,11.25,2029-03-15,1061542687.5,0.0
 11.25%2031A,2031-03-15,18871870000.0,11.25,2028-09-15,1061542687.5,0.0
 11.25%2031A,2031-03-15,18871870000.0,11.25,2028-03-15,1061542687.5,0.0
 11.25%2031A,2031-03-15,18871870000.0,11.25,2027-09-15,1061542687.5,0.0
 11.25%2031A,2031-03-15,18871870000.0,11.25,2027-03-15,1061542687.5,0.0
 11.25%2031A,2031-03-15,18871870000.0,11.25,2026-09-15,1061542687.5,0.0
 11.25%2031A,2031-03-15,18871870000.0,11.25,2026-03-15,1061542687.5,0.0
 11.25%2031A,2031-03-15,18871870000.0,11.25,2025-09-15,1061542687.5,0.0
 11.25%2031A,2031-03-15,18871870000.0,11.25,2025-03-15,1061542687.5,0.0
 1.00% 2031A,2031-07-15,45347375729.0,9.5,2031-07-15,2154000347.1275,45347375729.0
 1.00% 2031A,2031-07-15,45347375729.0,9.5,2031-01-15,2154000347.1275,0.0
 1.00% 2031A,2031-07-15,45347375729.0,9.5,2030-07-15,2154000347.1275,0.0
 1.00% 2031A,2031-07-15,45347375729.0,9.5,2030-01-15,2154000347.1275,0.0
 1.00% 2031A,2031-07-15,45347375729.0,9.5,2029-07-15,2154000347.1275,0.0
 1.00% 2031A,2031-07-15,45347375729.0,9.5,2029-01-15,2154000347.1275,0.0
 1.00% 2031A,2031-07-15,45347375729.0,9.5,2028-07-15,2154000347.1275,0.0
 1.00% 2031A,2031-07-15,45347375729.0,9.5,2028-01-15,2154000347.1275,0.0
 1.00% 2031A,2031-07-15,45347375729.0,9.5,2027-07-15,2154000347.1275,0.0
 1.00% 2031A,2031-07-15,45347375729.0,9.5,2027-01-15,2154000347.1275,0.0
 1.00% 2031A,2031-07-15,45347375729.0,9.5,2026-07-15,2154000347.1275,0.0
 1.00% 2031A,2031-07-15,45347375729.0,9.5,2026-01-15,2154000347.1275,0.0
 1.00% 2031A,2031-07-15,45347375729.0,9.5,2025-07-15,2154000347.1275,0.0
 1.00% 2031A,2031-07-15,45347375729.0,9.5,2025-01-15,2154000347.1275,0.0
 12.00%2031A,2031-12-01,12000000000.0,12.0,2031-12-01,720000000.0,12000000000.0
 12.00%2031A,2031-12-01,12000000000.0,12.0,2031-06-01,720000000.0,0.0
 12.00%2031A,2031-12-01,12000000000.0,12.0,2030-12-01,720000000.0,0.0
 12.00%2031A,2031-12-01,12000000000.0,12.0,2030-06-01,720000000.0,0.0
 12.00%2031A,2031-12-01,12000000000.0,12.0,2029-12-01,720000000.0,0.0
 12.00%2031A,2031-12-01,12000000000.0,12.0,2029-06-01,720000000.0,0.0
 12.00%2031A,2031-12-01,12000000000.0,12.0,2028-12-01,720000000.0,0.0
 12.00%2031A,2031-12-01,12000000000.0,12.0,2028-06-01,720000000.0,0.0
 12.00%2031A,2031-12-01,12000000000.0,12.0,2027-12-01,720000000.0,0.0
 12.00%2031A,2031-12-01,12000000000.0,12.0,2027-06-01,720000000.0,0.0
 12.00%2031A,2031-12-01,12000000000.0,12.0,2026-12-01,720000000.0,0.0
 12.00%2031A,2031-12-01,12000000000.0,12.0,2026-06-01,720000000.0,0.0
 12.00%2031A,2031-12-01,12000000000.0,12.0,2025-12-01,720000000.0,0.0
 12.00%2031A,2031-12-01,12000000000.0,12.0,2025-06-01,720000000.0,0.0
 08.00%2032A,2032-01-01,98473370000.0,8.0,2032-01-01,3938934800.0,98473370000.0
 08.00%2032A,2032-01-01,98473370000.0,8.0,2031-07-01,3938934800.0,0.0
 08.00%2032A,2032-01-01,98473370000.0,8.0,2031-01-01,3938934800.0,0.0
 08.00%2032A,2032-01-01,98473370000.0,8.0,2030-07-01,3938934800.0,0.0
 08.00%2032A,2032-01-01,98473370000.0,8.0,2030-01-01,3938934800.0,0.0
 08.00%2032A,2032-01-01,98473370000.0,8.0,2029-07-01,3938934800.0,0.0
 08.00%2032A,2032-01-01,98473370000.0,8.0,2029-01-01,3938934800.0,0.0
 08.00%2032A,2032-01-01,98473370000.0,8.0,2028-07-01,3938934800.0,0.0
 08.00%2032A,2032-01-01,98473370000.0,8.0,2028-01-01,3938934800.0,0.0
 08.00%2032A,2032-01-01,98473370000.0,8.0,2027-07-01,3938934800.0,0.0
 08.00%2032A,2032-01-01,98473370000.0,8.0,2027-01-01,3938934800.0,0.0
 08.00%2032A,2032-01-01,98473370000.0,8.0,2026-07-01,3938934800.0,0.0
 08.00%2032A,2032-01-01,98473370000.0,8.0,2026-01-01,3938934800.0,0.0
 08.00%2032A,2032-01-01,98473370000.0,8.0,2025-07-01,3938934800.0,0.0
 09.00%2032A,2032-10-01,96000000.0,9.0,2032-10-01,4320000.0,96000000.0
 09.00%2032A,2032-10-01,96000000.0,9.0,2032-04-01,4320000.0,0.0
 09.00%2032A,2032-10-01,96000000.0,9.0,2031-10-01,4320000.0,0.0
 09.00%2032A,2032-10-01,96000000.0,9.0,2031-04-01,4320000.0,0.0
 09.00%2032A,2032-10-01,96000000.0,9.0,2030-10-01,4320000.0,0.0
 09.00%2032A,2032-10-01,96000000.0,9.0,2030-04-01,4320000.0,0.0
 09.00%2032A,2032-10-01,96000000.0,9.0,2029-10-01,4320000.0,0.0
 09.00%2032A,2032-10-01,96000000.0,9.0,2029-04-01,4320000.0,0.0
 09.00%2032A,2032-10-01,96000000.0,9.0,2028-10-01,4320000.0,0.0
 09.00%2032A,2032-10-01,96000000.0,9.0,2028-04-01,4320000.0,0.0
 09.00%2032A,2032-10-01,96000000.0,9.0,2027-10-01,4320000.0,0.0
 09.00%2032A,2032-10-01,96000000.0,9.0,2027-04-01,4320000.0,0.0
 09.00%2032A,2032-10-01,96000000.0,9.0,2026-10-01,4320000.0,0.0
 09.00%2032A,2032-10-01,96000000.0,9.0,2026-04-01,4320000.0,0.0
 09.00%2032A,2032-10-01,96000000.0,9.0,2025-10-01,4320000.0,0.0
 09.00%2032A,2032-10-01,96000000.0,9.0,2025-04-01,4320000.0,0.0
 09.00%2033A,2033-06-01,3381760000.0,9.0,2033-06-01,152179200.0,3381760000.0
 09.00%2033A,2033-06-01,3381760000.0,9.0,2032-12-01,152179200.0,0.0
 09.00%2033A,2033-06-01,3381760000.0,9.0,2032-06-01,152179200.0,0.0
 09.00%2033A,2033-06-01,3381760000.0,9.0,2031-12-01,152179200.0,0.0
 09.00%2033A,2033-06-01,3381760000.0,9.0,2031-06-01,152179200.0,0.0
 09.00%2033A,2033-06-01,3381760000.0,9.0,2030-12-01,152179200.0,0.0
 09.00%2033A,2033-06-01,3381760000.0,9.0,2030-06-01,152179200.0,0.0
 09.00%2033A,2033-06-01,3381760000.0,9.0,2029-12-01,152179200.0,0.0
 09.00%2033A,2033-06-01,3381760000.0,9.0,2029-06-01,152179200.0,0.0
 09.00%2033A,2033-06-01,3381760000.0,9.0,2028-12-01,152179200.0,0.0
 09.00%2033A,2033-06-01,3381760000.0,9.0,2028-06-01,152179200.0,0.0
 09.00%2033A,2033-06-01,3381760000.0,9.0,2027-12-01,152179200.0,0.0
 09.00%2033A,2033-06-01,3381760000.0,9.0,2027-06-01,152179200.0,0.0
 09.00%2033A,2033-06-01,3381760000.0,9.0,2026-12-01,152179200.0,0.0
 09.00%2033A,2033-06-01,3381760000.0,9.0,2026-06-01,152179200.0,0.0
 09.00%2033A,2033-06-01,3381760000.0,9.0,2025-12-01,152179200.0,0.0
 09.00%2033A,2033-06-01,3381760000.0,9.0,2025-06-01,152179200.0,0.0
 1.00% 2033A,2033-07-15,45347375729.0,9.5,2033-07-15,2154000347.1275,45347375729.0
 1.00% 2033A,2033-07-15,45347375729.0,9.5,2033-01-15,2154000347.1275,0.0
 1.00% 2033A,2033-07-15,45347375729.0,9.5,2032-07-15,2154000347.1275,0.0
 1.00% 2033A,2033-07-15,45347375729.0,9.5,2032-01-15,2154000347.1275,0.0
 1.00% 2033A,2033-07-15,45347375729.0,9.5,2031-07-15,2154000347.1275,0.0
 1.00% 2033A,2033-07-15,45347375729.0,9.5,2031-01-15,2154000347.1275,0.0
 1.00% 2033A,2033-07-15,45347375729.0,9.5,2030-07-15,2154000347.1275,0.0
 1.00% 2033A,2033-07-15,45347375729.0,9.5,2030-01-15,2154000347.1275,0.0
 1.00% 2033A,2033-07-15,45347375729.0,9.5,2029-07-15,2154000347.1275,0.0
 1.00% 2033A,2033-07-15,45347375729.0,9.5,2029-01-15,2154000347.1275,0.0
 1.00% 2033A,2033-07-15,45347375729.0,9.5,2028-07-15,2154000347.1275,0.0
 1.00% 2033A,2033-07-15,45347375729.0,9.5,2028-01-15,2154000347.1275,0.0
 1.00% 2033A,2033-07-15,45347375729.0,9.5,2027-07-15,2154000347.1275,0.0
 1.00% 2033A,2033-07-15,45347375729.0,9.5,2027-01-15,2154000347.1275,0.0
 1.00% 2033A,2033-07-15,45347375729.0,9.5,2026-07-15,2154000347.1275,0.0
 1.00% 2033A,2033-07-15,45347375729.0,9.5,2026-01-15,2154000347.1275,0.0
 1.00% 2033A,2033-07-15,45347375729.0,9.5,2025-07-15,2154000347.1275,0.0
 1.00% 2033A,2033-07-15,45347375729.0,9.5,2025-01-15,2154000347.1275,0.0
 10.25%2034A,2034-09-15,4000000000.0,10.25,2034-09-15,205000000.0,4000000000.0
 10.25%2034A,2034-09-15,4000000000.0,10.25,2034-03-15,205000000.0,0.0
 10.25%2034A,2034-09-15,4000000000.0,10.25,2033-09-15,205000000.0,0.0
 10.25%2034A,2034-09-15,4000000000.0,10.25,2033-03-15,205000000.0,0.0
 10.25%2034A,2034-09-15,4000000000.0,10.25,2032-09-15,205000000.0,0.0
 10.25%2034A,2034-09-15,4000000000.0,10.25,2032-03-15,205000000.0,0.0
 10.25%2034A,2034-09-15,4000000000.0,10.25,2031-09-15,205000000.0,0.0
 10.25%2034A,2034-09-15,4000000000.0,10.25,2031-03-15,205000000.0,0.0
 10.25%2034A,2034-09-15,4000000000.0,10.25,2030-09-15,205000000.0,0.0
 10.25%2034A,2034-09-15,4000000000.0,10.25,2030-03-15,205000000.0,0.0
 10.25%2034A,2034-09-15,4000000000.0,10.25,2029-09-15,205000000.0,0.0
 10.25%2034A,2034-09-15,4000000000.0,10.25,2029-03-15,205000000.0,0.0
 10.25%2034A,2034-09-15,4000000000.0,10.25,2028-09-15,205000000.0,0.0
 10.25%2034A,2034-09-15,4000000000.0,10.25,2028-03-15,205000000.0,0.0
 10.25%2034A,2034-09-15,4000000000.0,10.25,2027-09-15,205000000.0,0.0
 10.25%2034A,2034-09-15,4000000000.0,10.25,2027-03-15,205000000.0,0.0
 10.25%2034A,2034-09-15,4000000000.0,10.25,2026-09-15,205000000.0,0.0
 10.25%2034A,2034-09-15,4000000000.0,10.25,2026-03-15,205000000.0,0.0
 10.25%2034A,2034-09-15,4000000000.0,10.25,2025-09-15,205000000.0,0.0
 10.25%2034A,2034-09-15,4000000000.0,10.25,2025-03-15,205000000.0,0.0
 11.50%2035A,2035-03-15,1000000000.0,11.5,2035-03-15,57500000.0,1000000000.0
 11.50%2035A,2035-03-15,1000000000.0,11.5,2034-09-15,57500000.0,0.0
 11.50%2035A,2035-03-15,1000000000.0,11.5,2034-03-15,57500000.0,0.0
 11.50%2035A,2035-03-15,1000000000.0,11.5,2033-09-15,57500000.0,0.0
 11.50%2035A,2035-03-15,1000000000.0,11.5,2033-03-15,57500000.0,0.0
 11.50%2035A,2035-03-15,1000000000.0,11.5,2032-09-15,57500000.0,0.0
 11.50%2035A,2035-03-15,1000000000.0,11.5,2032-03-15,57500000.0,0.0
 11.50%2035A,2035-03-15,1000000000.0,11.5,2031-09-15,57500000.0,0.0
 11.50%2035A,2035-03-15,1000000000.0,11.5,2031-03-15,57500000.0,0.0
 11.50%2035A,2035-03-15,1000000000.0,11.5,2030-09-15,57500000.0,0.0
 11.50%2035A,2035-03-15,1000000000.0,11.5,2030-03-15,57500000.0,0.0
 11.50%2035A,2035-03-15,1000000000.0,11.5,2029-09-15,57500000.0,0.0
 11.50%2035A,2035-03-15,1000000000.0,11.5,2029-03-15,57500000.0,0.0
 11.50%2035A,2035-03-15,1000000000.0,11.5,2028-09-15,57500000.0,0.0
 11.50%2035A,2035-03-15,1000000000.0,11.5,2028-03-15,57500000.0,0.0
 11.50%2035A,2035-03-15,1000000000.0,11.5,2027-09-15,57500000.0,0.0
 11.50%2035A,2035-03-15,1000000000.0,11.5,2027-03-15,57500000.0,0.0
 11.50%2035A,2035-03-15,1000000000.0,11.5,2026-09-15,57500000.0,0.0
 11.50%2035A,2035-03-15,1000000000.0,11.5,2026-03-15,57500000.0,0.0
 11.50%2035A,2035-03-15,1000000000.0,11.5,2025-09-15,57500000.0,0.0
 11.50%2035A,2035-03-15,1000000000.0,11.5,2025-03-15,57500000.0,0.0
 0.5% 2036A,2036-03-15,2667230336.0,9.0,2036-03-15,120025365.12,2667230336.0
 0.5% 2036A,2036-03-15,2667230336.0,9.0,2035-09-15,120025365.12,0.0
 0.5% 2036A,2036-03-15,2667230336.0,9.0,2035-03-15,120025365.12,0.0
 0.5% 2036A,2036-03-15,2667230336.0,9.0,2034-09-15,120025365.12,0.0
 0.5% 2036A,2036-03-15,2667230336.0,9.0,2034-03-15,120025365.12,0.0
 0.5% 2036A,2036-03-15,2667230336.0,9.0,2033-09-15,120025365.12,0.0
 0.5% 2036A,2036-03-15,2667230336.0,9.0,2033-03-15,120025365.12,0.0
 0.5% 2036A,2036-03-15,2667230336.0,9.0,2032-09-15,120025365.12,0.0
 0.5% 2036A,2036-03-15,2667230336.0,9.0,2032-03-15,120025365.12,0.0
 0.5% 2036A,2036-03-15,2667230336.0,9.0,2031-09-15,120025365.12,0.0
 0.5% 2036A,2036-03-15,2667230336.0,9.0,2031-03-15,120025365.12,0.0
 0.5% 2036A,2036-03-15,2667230336.0,9.0,2030-09-15,120025365.12,0.0
 0.5% 2036A,2036-03-15,2667230336.0,9.0,2030-03-15,120025365.12,0.0
 0.5% 2036A,2036-03-15,2667230336.0,9.0,2029-09-15,120025365.12,0.0
 0.5% 2036A,2036-03-15,2667230336.0,9.0,2029-03-15,120025365.12,0.0
 0.5% 2036A,2036-03-15,2667230336.0,9.0,2028-09-15,120025365.12,0.0
 0.5% 2036A,2036-03-15,2667230336.0,9.0,2028-03-15,120025365.12,0.0
 0.5% 2036A,2036-03-15,2667230336.0,9.0,2027-09-15,120025365.12,0.0
 0.5% 2036A,2036-03-15,2667230336.0,9.0,2027-03-15,120025365.12,0.0
 0.5% 2036A,2036-03-15,2667230336.0,9.0,2026-09-15,120025365.12,0.0
 0.5% 2036A,2036-03-15,2667230336.0,9.0,2026-03-15,120025365.12,0.0
 0.5% 2036A,2036-03-15,2667230336.0,9.0,2025-09-15,120025365.12,0.0
 0.5% 2036A,2036-03-15,2667230336.0,9.0,2025-03-15,120025365.12,0.0
 0.5% 2037A,2037-09-15,2667230336.0,9.0,2037-09-15,120025365.12,2667230336.0
 0.5% 2037A,2037-09-15,2667230336.0,9.0,2037-03-15,120025365.12,0.0
 0.5% 2037A,2037-09-15,2667230336.0,9.0,2036-09-15,120025365.12,0.0
 0.5% 2037A,2037-09-15,2667230336.0,9.0,2036-03-15,120025365.12,0.0
 0.5% 2037A,2037-09-15,2667230336.0,9.0,2035-09-15,120025365.12,0.0
 0.5% 2037A,2037-09-15,2667230336.0,9.0,2035-03-15,120025365.12,0.0
 0.5% 2037A,2037-09-15,2667230336.0,9.0,2034-09-15,120025365.12,0.0
 0.5% 2037A,2037-09-15,2667230336.0,9.0,2034-03-15,120025365.12,0.0
 0.5% 2037A,2037-09-15,2667230336.0,9.0,2033-09-15,120025365.12,0.0
 0.5% 2037A,2037-09-15,2667230336.0,9.0,2033-03-15,120025365.12,0.0
 0.5% 2037A,2037-09-15,2667230336.0,9.0,2032-09-15,120025365.12,0.0
 0.5% 2037A,2037-09-15,2667230336.0,9.0,2032-03-15,120025365.12,0.0
 0.5% 2037A,2037-09-15,2667230336.0,9.0,2031-09-15,120025365.12,0.0
 0.5% 2037A,2037-09-15,2667230336.0,9.0,2031-03-15,120025365.12,0.0
 0.5% 2037A,2037-09-15,2667230336.0,9.0,2030-09-15,120025365.12,0.0
 0.5% 2037A,2037-09-15,2667230336.0,9.0,2030-03-15,120025365.12,0.0
 0.5% 2037A,2037-09-15,2667230336.0,9.0,2029-09-15,120025365.12,0.0
 0.5% 2037A,2037-09-15,2667230336.0,9.0,2029-03-15,120025365.12,0.0
 0.5% 2037A,2037-09-15,2667230336.0,9.0,2028-09-15,120025365.12,0.0
 0.5% 2037A,2037-09-15,2667230336.0,9.0,2028-03-15,120025365.12,0.0
 0.5% 2037A,2037-09-15,2667230336.0,9.0,2027-09-15,120025365.12,0.0
 0.5% 2037A,2037-09-15,2667230336.0,9.0,2027-03-15,120025365.12,0.0
 0.5% 2037A,2037-09-15,2667230336.0,9.0,2026-09-15,120025365.12,0.0
 0.5% 2037A,2037-09-15,2667230336.0,9.0,2026-03-15,120025365.12,0.0
 0.5% 2037A,2037-09-15,2667230336.0,9.0,2025-09-15,120025365.12,0.0
 0.5% 2037A,2037-09-15,2667230336.0,9.0,2025-03-15,120025365.12,0.0
 0.5% 2038A,2038-09-15,2667230336.0,9.0,2038-09-15,120025365.12,2667230336.0
 0.5% 2038A,2038-09-15,2667230336.0,9.0,2038-03-15,120025365.12,0.0
 0.5% 2038A,2038-09-15,2667230336.0,9.0,2037-09-15,120025365.12,0.0
 0.5% 2038A,2038-09-15,2667230336.0,9.0,2037-03-15,120025365.12,0.0
 0.5% 2038A,2038-09-15,2667230336.0,9.0,2036-09-15,120025365.12,0.0
 0.5% 2038A,2038-09-15,2667230336.0,9.0,2036-03-15,120025365.12,0.0
 0.5% 2038A,2038-09-15,2667230336.0,9.0,2035-09-15,120025365.12,0.0
 0.5% 2038A,2038-09-15,2667230336.0,9.0,2035-03-15,120025365.12,0.0
 0.5% 2038A,2038-09-15,2667230336.0,9.0,2034-09-15,120025365.12,0.0
 0.5% 2038A,2038-09-15,2667230336.0,9.0,2034-03-15,120025365.12,0.0
 0.5% 2038A,2038-09-15,2667230336.0,9.0,2033-09-15,120025365.12,0.0
 0.5% 2038A,2038-09-15,2667230336.0,9.0,2033-03-15,120025365.12,0.0
 0.5% 2038A,2038-09-15,2667230336.0,9.0,2032-09-15,120025365.12,0.0
 0.5% 2038A,2038-09-15,2667230336.0,9.0,2032-03-15,120025365.12,0.0
 0.5% 2038A,2038-09-15,2667230336.0,9.0,2031-09-15,120025365.12,0.0
 0.5% 2038A,2038-09-15,2667230336.0,9.0,2031-03-15,120025365.12,0.0
 0.5% 2038A,2038-09-15,2667230336.0,9.0,2030-09-15,120025365.12,0.0
 0.5% 2038A,2038-09-15,2667230336.0,9.0,2030-03-15,120025365.12,0.0
 0.5% 2038A,2038-09-15,2667230336.0,9.0,2029-09-15,120025365.12,0.0
 0.5% 2038A,2038-09-15,2667230336.0,9.0,2029-03-15,120025365.12,0.0
 0.5% 2038A,2038-09-15,2667230336.0,9.0,2028-09-15,120025365.12,0.0
 0.5% 2038A,2038-09-15,2667230336.0,9.0,2028-03-15,120025365.12,0.0
 0.5% 2038A,2038-09-15,2667230336.0,9.0,2027-09-15,120025365.12,0.0
 0.5% 2038A,2038-09-15,2667230336.0,9.0,2027-03-15,120025365.12,0.0
 0.5% 2038A,2038-09-15,2667230336.0,9.0,2026-09-15,120025365.12,0.0
 0.5% 2038A,2038-09-15,2667230336.0,9.0,2026-03-15,120025365.12,0.0
 0.5% 2038A,2038-09-15,2667230336.0,9.0,2025-09-15,120025365.12,0.0
 0.5% 2038A,2038-09-15,2667230336.0,9.0,2025-03-15,120025365.12,0.0
 0.5% 2039A,2039-09-15,2667230336.0,9.0,2039-09-15,120025365.12,2667230336.0
 0.5% 2039A,2039-09-15,2667230336.0,9.0,2039-03-15,120025365.12,0.0
 0.5% 2039A,2039-09-15,2667230336.0,9.0,2038-09-15,120025365.12,0.0
 0.5% 2039A,2039-09-15,2667230336.0,9.0,2038-03-15,120025365.12,0.0
 0.5% 2039A,2039-09-15,2667230336.0,9.0,2037-09-15,120025365.12,0.0
 0.5% 2039A,2039-09-15,2667230336.0,9.0,2037-03-15,120025365.12,0.0
 0.5% 2039A,2039-09-15,2667230336.0,9.0,2036-09-15,120025365.12,0.0
 0.5% 2039A,2039-09-15,2667230336.0,9.0,2036-03-15,120025365.12,0.0
 0.5% 2039A,2039-09-15,2667230336.0,9.0,2035-09-15,120025365.12,0.0
 0.5% 2039A,2039-09-15,2667230336.0,9.0,2035-03-15,120025365.12,0.0
 0.5% 2039A,2039-09-15,2667230336.0,9.0,2034-09-15,120025365.12,0.0
 0.5% 2039A,2039-09-15,2667230336.0,9.0,2034-03-15,120025365.12,0.0
 0.5% 2039A,2039-09-15,2667230336.0,9.0,2033-09-15,120025365.12,0.0
 0.5% 2039A,2039-09-15,2667230336.0,9.0,2033-03-15,120025365.12,0.0
 0.5% 2039A,2039-09-15,2667230336.0,9.0,2032-09-15,120025365.12,0.0
 0.5% 2039A,2039-09-15,2667230336.0,9.0,2032-03-15,120025365.12,0.0
 0.5% 2039A,2039-09-15,2667230336.0,9.0,2031-09-15,120025365.12,0.0
 0.5% 2039A,2039-09-15,2667230336.0,9.0,2031-03-15,120025365.12,0.0
 0.5% 2039A,2039-09-15,2667230336.0,9.0,2030-09-15,120025365.12,0.0
 0.5% 2039A,2039-09-15,2667230336.0,9.0,2030-03-15,120025365.12,0.0
 0.5% 2039A,2039-09-15,2667230336.0,9.0,2029-09-15,120025365.12,0.0
 0.5% 2039A,2039-09-15,2667230336.0,9.0,2029-03-15,120025365.12,0.0
 0.5% 2039A,2039-09-15,2667230336.0,9.0,2028-09-15,120025365.12,0.0
 0.5% 2039A,2039-09-15,2667230336.0,9.0,2028-03-15,120025365.12,0.0
 0.5% 2039A,2039-09-15,2667230336.0,9.0,2027-09-15,120025365.12,0.0
 0.5% 2039A,2039-09-15,2667230336.0,9.0,2027-03-15,120025365.12,0.0
 0.5% 2039A,2039-09-15,2667230336.0,9.0,2026-09-15,120025365.12,0.0
 0.5% 2039A,2039-09-15,2667230336.0,9.0,2026-03-15,120025365.12,0.0
 0.5% 2039A,2039-09-15,2667230336.0,9.0,2025-09-15,120025365.12,0.0
 0.5% 2039A,2039-09-15,2667230336.0,9.0,2025-03-15,120025365.12,0.0
 0.5% 2040A,2040-09-15,2667230336.0,9.0,2040-09-15,120025365.12,2667230336.0
 0.5% 2040A,2040-09-15,2667230336.0,9.0,2040-03-15,120025365.12,0.0
 0.5% 2040A,2040-09-15,2667230336.0,9.0,2039-09-15,120025365.12,0.0
 0.5% 2040A,2040-09-15,2667230336.0,9.0,2039-03-15,120025365.12,0.0
 0.5% 2040A,2040-09-15,2667230336.0,9.0,2038-09-15,120025365.12,0.0
 0.5% 2040A,2040-09-15,2667230336.0,9.0,2038-03-15,120025365.12,0.0
 0.5% 2040A,2040-09-15,2667230336.0,9.0,2037-09-15,120025365.12,0.0
 0.5% 2040A,2040-09-15,2667230336.0,9.0,2037-03-15,120025365.12,0.0
 0.5% 2040A,2040-09-15,2667230336.0,9.0,2036-09-15,120025365.12,0.0
 0.5% 2040A,2040-09-15,2667230336.0,9.0,2036-03-15,120025365.12,0.0
 0.5% 2040A,2040-09-15,2667230336.0,9.0,2035-09-15,120025365.12,0.0
 0.5% 2040A,2040-09-15,2667230336.0,9.0,2035-03-15,120025365.12,0.0
 0.5% 2040A,2040-09-15,2667230336.0,9.0,2034-09-15,120025365.12,0.0
 0.5% 2040A,2040-09-15,2667230336.0,9.0,2034-03-15,120025365.12,0.0
 0.5% 2040A,2040-09-15,2667230336.0,9.0,2033-09-15,120025365.12,0.0
 0.5% 2040A,2040-09-15,2667230336.0,9.0,2033-03-15,120025365.12,0.0
 0.5% 2040A,2040-09-15,2667230336.0,9.0,2032-09-15,120025365.12,0.0
 0.5% 2040A,2040-09-15,2667230336.0,9.0,2032-03-15,120025365.12,0.0
 0.5% 2040A,2040-09-15,2667230336.0,9.0,2031-09-15,120025365.12,0.0
 0.5% 2040A,2040-09-15,2667230336.0,9.0,2031-03-15,120025365.12,0.0
 0.5% 2040A,2040-09-15,2667230336.0,9.0,2030-09-15,120025365.12,0.0
 0.5% 2040A,2040-09-15,2667230336.0,9.0,2030-03-15,120025365.12,0.0
 0.5% 2040A,2040-09-15,2667230336.0,9.0,2029-09-15,120025365.12,0.0
 0.5% 2040A,2040-09-15,2667230336.0,9.0,2029-03-15,120025365.12,0.0
 0.5% 2040A,2040-09-15,2667230336.0,9.0,2028-09-15,120025365.12,0.0
 0.5% 2040A,2040-09-15,2667230336.0,9.0,2028-03-15,120025365.12,0.0
 0.5% 2040A,2040-09-15,2667230336.0,9.0,2027-09-15,120025365.12,0.0
 0.5% 2040A,2040-09-15,2667230336.0,9.0,2027-03-15,120025365.12,0.0
 0.5% 2040A,2040-09-15,2667230336.0,9.0,2026-09-15,120025365.12,0.0
 0.5% 2040A,2040-09-15,2667230336.0,9.0,2026-03-15,120025365.12,0.0
 0.5% 2040A,2040-09-15,2667230336.0,9.0,2025-09-15,120025365.12,0.0
 0.5% 2040A,2040-09-15,2667230336.0,9.0,2025-03-15,120025365.12,0.0
 0.5% 2041A,2041-09-15,2667230336.0,9.0,2041-09-15,120025365.12,2667230336.0
 0.5% 2041A,2041-09-15,2667230336.0,9.0,2041-03-15,120025365.12,0.0
 0.5% 2041A,2041-09-15,2667230336.0,9.0,2040-09-15,120025365.12,0.0
 0.5% 2041A,2041-09-15,2667230336.0,9.0,2040-03-15,120025365.12,0.0
 0.5% 2041A,2041-09-15,2667230336.0,9.0,2039-09-15,120025365.12,0.0
 0.5% 2041A,2041-09-15,2667230336.0,9.0,2039-03-15,120025365.12,0.0
 0.5% 2041A,2041-09-15,2667230336.0,9.0,2038-09-15,120025365.12,0.0
 0.5% 2041A,2041-09-15,2667230336.0,9.0,2038-03-15,120025365.12,0.0
 0.5% 2041A,2041-09-15,2667230336.0,9.0,2037-09-15,120025365.12,0.0
 0.5% 2041A,2041-09-15,2667230336.0,9.0,2037-03-15,120025365.12,0.0
 0.5% 2041A,2041-09-15,2667230336.0,9.0,2036-09-15,120025365.12,0.0
 0.5% 2041A,2041-09-15,2667230336.0,9.0,2036-03-15,120025365.12,0.0
 0.5% 2041A,2041-09-15,2667230336.0,9.0,2035-09-15,120025365.12,0.0
 0.5% 2041A,2041-09-15,2667230336.0,9.0,2035-03-15,120025365.12,0.0
 0.5% 2041A,2041-09-15,2667230336.0,9.0,2034-09-15,120025365.12,0.0
 0.5% 2041A,2041-09-15,2667230336.0,9.0,2034-03-15,120025365.12,0.0
 0.5% 2041A,2041-09-15,2667230336.0,9.0,2033-09-15,120025365.12,0.0
 0.5% 2041A,2041-09-15,2667230336.0,9.0,2033-03-15,120025365.12,0.0
 0.5% 2041A,2041-09-15,2667230336.0,9.0,2032-09-15,120025365.12,0.0
 0.5% 2041A,2041-09-15,2667230336.0,9.0,2032-03-15,120025365.12,0.0
 0.5% 2041A,2041-09-15,2667230336.0,9.0,2031-09-15,120025365.12,0.0
 0.5% 2041A,2041-09-15,2667230336.0,9.0,2031-03-15,120025365.12,0.0
 0.5% 2041A,2041-09-15,2667230336.0,9.0,2030-09-15,120025365.12,0.0
 0.5% 2041A,2041-09-15,2667230336.0,9.0,2030-03-15,120025365.12,0.0
 0.5% 2041A,2041-09-15,2667230336.0,9.0,2029-09-15,120025365.12,0.0
 0.5% 2041A,2041-09-15,2667230336.0,9.0,2029-03-15,120025365.12,0.0
 0.5% 2041A,2041-09-15,2667230336.0,9.0,2028-09-15,120025365.12,0.0
 0.5% 2041A,2041-09-15,2667230336.0,9.0,2028-03-15,120025365.12,0.0
 0.5% 2041A,2041-09-15,2667230336.0,9.0,2027-09-15,120025365.12,0.0
 0.5% 2041A,2041-09-15,2667230336.0,9.0,2027-03-15,120025365.12,0.0
 0.5% 2041A,2041-09-15,2667230336.0,9.0,2026-09-15,120025365.12,0.0
 0.5% 2041A,2041-09-15,2667230336.0,9.0,2026-03-15,120025365.12,0.0
 0.5% 2041A,2041-09-15,2667230336.0,9.0,2025-09-15,120025365.12,0.0
 0.5% 2041A,2041-09-15,2667230336.0,9.0,2025-03-15,120025365.12,0.0
 0.5% 2042A,2042-09-15,2667230336.0,9.0,2042-09-15,120025365.12,2667230336.0
 0.5% 2042A,2042-09-15,2667230336.0,9.0,2042-03-15,120025365.12,0.0
 0.5% 2042A,2042-09-15,2667230336.0,9.0,2041-09-15,120025365.12,0.0
 0.5% 2042A,2042-09-15,2667230336.0,9.0,2041-03-15,120025365.12,0.0
 0.5% 2042A,2042-09-15,2667230336.0,9.0,2040-09-15,120025365.12,0.0
 0.5% 2042A,2042-09-15,2667230336.0,9.0,2040-03-15,120025365.12,0.0
 0.5% 2042A,2042-09-15,2667230336.0,9.0,2039-09-15,120025365.12,0.0
 0.5% 2042A,2042-09-15,2667230336.0,9.0,2039-03-15,120025365.12,0.0
 0.5% 2042A,2042-09-15,2667230336.0,9.0,2038-09-15,120025365.12,0.0
 0.5% 2042A,2042-09-15,2667230336.0,9.0,2038-03-15,120025365.12,0.0
 0.5% 2042A,2042-09-15,2667230336.0,9.0,2037-09-15,120025365.12,0.0
 0.5% 2042A,2042-09-15,2667230336.0,9.0,2037-03-15,120025365.12,0.0
 0.5% 2042A,2042-09-15,2667230336.0,9.0,2036-09-15,120025365.12,0.0
 0.5% 2042A,2042-09-15,2667230336.0,9.0,2036-03-15,120025365.12,0.0
 0.5% 2042A,2042-09-15,2667230336.0,9.0,2035-09-15,120025365.12,0.0
 0.5% 2042A,2042-09-15,2667230336.0,9.0,2035-03-15,120025365.12,0.0
 0.5% 2042A,2042-09-15,2667230336.0,9.0,2034-09-15,120025365.12,0.0
 0.5% 2042A,2042-09-15,2667230336.0,9.0,2034-03-15,120025365.12,0.0
 0.5% 2042A,2042-09-15,2667230336.0,9.0,2033-09-15,120025365.12,0.0
 0.5% 2042A,2042-09-15,2667230336.0,9.0,2033-03-15,120025365.12,0.0
 0.5% 2042A,2042-09-15,2667230336.0,9.0,2032-09-15,120025365.12,0.0
 0.5% 2042A,2042-09-15,2667230336.0,9.0,2032-03-15,120025365.12,0.0
 0.5% 2042A,2042-09-15,2667230336.0,9.0,2031-09-15,120025365.12,0.0
 0.5% 2042A,2042-09-15,2667230336.0,9.0,2031-03-15,120025365.12,0.0
 0.5% 2042A,2042-09-15,2667230336.0,9.0,2030-09-15,120025365.12,0.0
 0.5% 2042A,2042-09-15,2667230336.0,9.0,2030-03-15,120025365.12,0.0
 0.5% 2042A,2042-09-15,2667230336.0,9.0,2029-09-15,120025365.12,0.0
 0.5% 2042A,2042-09-15,2667230336.0,9.0,2029-03-15,120025365.12,0.0
 0.5% 2042A,2042-09-15,2667230336.0,9.0,2028-09-15,120025365.12,0.0
 0.5% 2042A,2042-09-15,2667230336.0,9.0,2028-03-15,120025365.12,0.0
 0.5% 2042A,2042-09-15,2667230336.0,9.0,2027-09-15,120025365.12,0.0
 0.5% 2042A,2042-09-15,2667230336.0,9.0,2027-03-15,120025365.12,0.0
 0.5% 2042A,2042-09-15,2667230336.0,9.0,2026-09-15,120025365.12,0.0
 0.5% 2042A,2042-09-15,2667230336.0,9.0,2026-03-15,120025365.12,0.0
 0.5% 2042A,2042-09-15,2667230336.0,9.0,2025-09-15,120025365.12,0.0
 0.5% 2042A,2042-09-15,2667230336.0,9.0,2025-03-15,120025365.12,0.0
 0.5% 2043A,2043-09-15,2667230336.0,9.0,2043-09-15,120025365.12,2667230336.0
 0.5% 2043A,2043-09-15,2667230336.0,9.0,2043-03-15,120025365.12,0.0
 0.5% 2043A,2043-09-15,2667230336.0,9.0,2042-09-15,120025365.12,0.0
 0.5% 2043A,2043-09-15,2667230336.0,9.0,2042-03-15,120025365.12,0.0
 0.5% 2043A,2043-09-15,2667230336.0,9.0,2041-09-15,120025365.12,0.0
 0.5% 2043A,2043-09-15,2667230336.0,9.0,2041-03-15,120025365.12,0.0
 0.5% 2043A,2043-09-15,2667230336.0,9.0,2040-09-15,120025365.12,0.0
 0.5% 2043A,2043-09-15,2667230336.0,9.0,2040-03-15,120025365.12,0.0
 0.5% 2043A,2043-09-15,2667230336.0,9.0,2039-09-15,120025365.12,0.0
 0.5% 2043A,2043-09-15,2667230336.0,9.0,2039-03-15,120025365.12,0.0
 0.5% 2043A,2043-09-15,2667230336.0,9.0,2038-09-15,120025365.12,0.0
 0.5% 2043A,2043-09-15,2667230336.0,9.0,2038-03-15,120025365.12,0.0
 0.5% 2043A,2043-09-15,2667230336.0,9.0,2037-09-15,120025365.12,0.0
 0.5% 2043A,2043-09-15,2667230336.0,9.0,2037-03-15,120025365.12,0.0
 0.5% 2043A,2043-09-15,2667230336.0,9.0,2036-09-15,120025365.12,0.0
 0.5% 2043A,2043-09-15,2667230336.0,9.0,2036-03-15,120025365.12,0.0
 0.5% 2043A,2043-09-15,2667230336.0,9.0,2035-09-15,120025365.12,0.0
 0.5% 2043A,2043-09-15,2667230336.0,9.0,2035-03-15,120025365.12,0.0
 0.5% 2043A,2043-09-15,2667230336.0,9.0,2034-09-15,120025365.12,0.0
 0.5% 2043A,2043-09-15,2667230336.0,9.0,2034-03-15,120025365.12,0.0
 0.5% 2043A,2043-09-15,2667230336.0,9.0,2033-09-15,120025365.12,0.0
 0.5% 2043A,2043-09-15,2667230336.0,9.0,2033-03-15,120025365.12,0.0
 0.5% 2043A,2043-09-15,2667230336.0,9.0,2032-09-15,120025365.12,0.0
 0.5% 2043A,2043-09-15,2667230336.0,9.0,2032-03-15,120025365.12,0.0
 0.5% 2043A,2043-09-15,2667230336.0,9.0,2031-09-15,120025365.12,0.0
 0.5% 2043A,2043-09-15,2667230336.0,9.0,2031-03-15,120025365.12,0.0
 0.5% 2043A,2043-09-15,2667230336.0,9.0,2030-09-15,120025365.12,0.0
 0.5% 2043A,2043-09-15,2667230336.0,9.0,2030-03-15,120025365.12,0.0
 0.5% 2043A,2043-09-15,2667230336.0,9.0,2029-09-15,120025365.12,0.0
 0.5% 2043A,2043-09-15,2667230336.0,9.0,2029-03-15,120025365.12,0.0
 0.5% 2043A,2043-09-15,2667230336.0,9.0,2028-09-15,120025365.12,0.0
 0.5% 2043A,2043-09-15,2667230336.0,9.0,2028-03-15,120025365.12,0.0
 0.5% 2043A,2043-09-15,2667230336.0,9.0,2027-09-15,120025365.12,0.0
 0.5% 2043A,2043-09-15,2667230336.0,9.0,2027-03-15,120025365.12,0.0
 0.5% 2043A,2043-09-15,2667230336.0,9.0,2026-09-15,120025365.12,0.0
 0.5% 2043A,2043-09-15,2667230336.0,9.0,2026-03-15,120025365.12,0.0
 0.5% 2043A,2043-09-15,2667230336.0,9.0,2025-09-15,120025365.12,0.0
 0.5% 2043A,2043-09-15,2667230336.0,9.0,2025-03-15,120025365.12,0.0
 TB364 2025/02/14,2025-02-14,5450000000.0,TB,2025-02-14,0.0,5450000000.0
 TB182 2025/02/14,2025-02-14,7500000000.0,TB,2025-02-14,0.0,7500000000.0
 TB091 2025/02/14,2025-02-14,3055867000.0,TB,2025-02-14,0.0,3055867000.0
 TB182 2025/02/21,2025-02-21,1500000000.0,TB,2025-02-21,0.0,1500000000.0
 TB091 2025/02/21,2025-02-21,3500000000.0,TB,2025-02-21,0.0,3500000000.0
 TB364 2025/02/28,2025-02-28,1000000000.0,TB,2025-02-28,0.0,1000000000.0
 TB182 2025/03/14,2025-03-14,1750000000.0,TB,2025-03-14,0.0,1750000000.0
 TB091 2025/03/14,2025-03-14,2567137000.0,TB,2025-03-14,0.0,2567137000.0
 10.25%2025A,2025-03-15,908800.0,10.25,2025-03-15,46576.0,908800.0
 TB182 2025/03/21,2025-03-21,1500000000.0,TB,2025-03-21,0.0,1500000000.0
 TB182 2025/03/21,2025-03-21,1000000000.0,TB,2025-03-21,0.0,1000000000.0
 TB182 2025/04/04,2025-04-04,8098750000.0,TB,2025-04-04,0.0,8098750000.0
 TB182 2025/04/04,2025-04-04,2000000000.0,TB,2025-04-04,0.0,2000000000.0
 TB182 2025/04/11,2025-04-11,1572517000.0,TB,2025-04-11,0.0,1572517000.0
 TB182 2025/04/18,2025-04-18,1505045000.0,TB,2025-04-18,0.0,1505045000.0
 TB364 2025/04/25,2025-04-25,1000000000.0,TB,2025-04-25,0.0,1000000000.0
 TB182 2025/04/25,2025-04-25,5149968000.0,TB,2025-04-25,0.0,5149968000.0
 TB182 2025/05/02,2025-05-02,500000000.0,TB,2025-05-02,0.0,500000000.0
 TB182 2025/05/02,2025-05-02,5000000000.0,TB,2025-05-02,0.0,5000000000.0
 TB182 2025/05/16,2025-05-16,4782890000.0,TB,2025-05-16,0.0,4782890000.0
 17.00%2025A,2025-06-01,1026636000.0,17.0,2025-06-01,87264060.0,1026636000.0
 TB182 2025/06/13,2025-06-13,2188775000.0,TB,2025-06-13,0.0,2188775000.0
 18.00%2025A,2025-07-01,450000000.0,18.0,2025-07-01,40500000.0,450000000.0
 18.00%2025A,2025-07-01,467200.0,18.0,2025-07-01,42048.0,467200.0
 TB364 2025/07/25,2025-07-25,2000000000.0,TB,2025-07-25,0.0,2000000000.0
 TB182 2025/07/25,2025-07-25,7500000000.0,TB,2025-07-25,0.0,7500000000.0
 11.00%2025A,2025-08-01,250509900.0,11.0,2025-08-01,13778044.5,250509900.0
 11.00%2025A,2025-08-01,250509900.0,11.0,2025-02-01,13778044.5,0.0
 11.00%2025A,2025-08-01,1398800.0,11.0,2025-08-01,76934.0,1398800.0
 11.00%2025A,2025-08-01,1398800.0,11.0,2025-02-01,76934.0,0.0
 TB182 2025/08/08,2025-08-08,3542553000.0,TB,2025-08-08,0.0,3542553000.0
 TB364 2025/08/15,2025-08-15,1000000000.0,TB,2025-08-15,0.0,1000000000.0
 10.35%2025A,2025-10-15,10000000000.0,10.35,2025-10-15,517500000.0,10000000000.0
 10.35%2025A,2025-10-15,10000000000.0,10.35,2025-04-15,517500000.0,0.0
 TB364 2025/10/17,2025-10-17,534898000.0,TB,2025-10-17,0.0,534898000.0
 TB364 2025/10/24,2025-10-24,349154000.0,TB,2025-10-24,0.0,349154000.0
 TB364 2025/11/14,2025-11-14,1640178000.0,TB,2025-11-14,0.0,1640178000.0
 TB364 2025/12/12,2025-12-12,4697206000.0,TB,2025-12-12,0.0,4697206000.0
 06.75%2026A,2026-01-15,286878100.0,6.75,2026-01-15,9682135.875,286878100.0
 06.75%2026A,2026-01-15,286878100.0,6.75,2025-07-15,9682135.875,0.0
 06.75%2026A,2026-01-15,286878100.0,6.75,2025-01-15,9682135.875,0.0
 TB364 2026/01/23,2026-01-23,2500000000.0,TB,2026-01-23,0.0,2500000000.0
 09.00%2026A,2026-02-01,61112800.0,9.0,2026-02-01,2750076.0,61112800.0
 09.00%2026A,2026-02-01,61112800.0,9.0,2025-08-01,2750076.0,0.0
 09.00%2026A,2026-02-01,61112800.0,9.0,2025-02-01,2750076.0,0.0
 09.00%2026A,2026-02-01,3221175400.0,9.0,2026-02-01,144952893.0,3221175400.0
 09.00%2026A,2026-02-01,3221175400.0,9.0,2025-08-01,144952893.0,0.0
 09.00%2026A,2026-02-01,3221175400.0,9.0,2025-02-01,144952893.0,0.0
 TB364 2026/02/06,2026-02-06,5000000000.0,TB,2026-02-06,0.0,5000000000.0
 05.35%2026A,2026-03-01,3250000000.0,5.35,2026-03-01,86937500.0,3250000000.0
 05.35%2026A,2026-03-01,3250000000.0,5.35,2025-09-01,86937500.0,0.0
 05.35%2026A,2026-03-01,3250000000.0,5.35,2025-03-01,86937500.0,0.0
 22.50%2026A,2026-05-15,1450000000.0,22.5,2026-05-15,163125000.0,1450000000.0
 22.50%2026A,2026-05-15,1450000000.0,22.5,2025-11-15,163125000.0,0.0
 22.50%2026A,2026-05-15,1450000000.0,22.5,2025-05-15,163125000.0,0.0
 22.50%2026A,2026-05-15,506800.0,22.5,2026-05-15,57015.0,506800.0
 22.50%2026A,2026-05-15,506800.0,22.5,2025-11-15,57015.0,0.0
 22.50%2026A,2026-05-15,506800.0,22.5,2025-05-15,57015.0,0.0
 11.00%2026A,2026-06-01,886641600.0,11.0,2026-06-01,48765288.0,886641600.0
 11.00%2026A,2026-06-01,886641600.0,11.0,2025-12-01,48765288.0,0.0
 11.00%2026A,2026-06-01,886641600.0,11.0,2025-06-01,48765288.0,0.0
 11.00%2026A,2026-06-01,296922659.0,11.0,2026-06-01,16330746.245,296922659.0
 11.00%2026A,2026-06-01,296922659.0,11.0,2025-12-01,16330746.245,0.0
 11.00%2026A,2026-06-01,296922659.0,11.0,2025-06-01,16330746.245,0.0
 11.50%2026A,2026-08-01,1656056300.0,11.5,2026-08-01,95223237.25,1656056300.0
 11.50%2026A,2026-08-01,1656056300.0,11.5,2026-02-01,95223237.25,0.0
 11.50%2026A,2026-08-01,1656056300.0,11.5,2025-08-01,95223237.25,0.0
 11.50%2026A,2026-08-01,1656056300.0,11.5,2025-02-01,95223237.25,0.0
 11.50%2026A,2026-08-01,101906000.0,11.5,2026-08-01,5859595.0,101906000.0
 11.50%2026A,2026-08-01,101906000.0,11.5,2026-02-01,5859595.0,0.0
 11.50%2026A,2026-08-01,101906000.0,11.5,2025-08-01,5859595.0,0.0
 11.50%2026A,2026-08-01,101906000.0,11.5,2025-02-01,5859595.0,0.0
 11.25%2026A,2026-12-15,1586346400.0,11.25,2026-12-15,89231985.0,1586346400.0
 11.25%2026A,2026-12-15,1586346400.0,11.25,2026-06-15,89231985.0,0.0
 11.25%2026A,2026-12-15,1586346400.0,11.25,2025-12-15,89231985.0,0.0
 11.25%2026A,2026-12-15,1586346400.0,11.25,2025-06-15,89231985.0,0.0
 11.25%2026A,2026-12-15,17448351000.0,11.25,2026-12-15,981469743.75,17448351000.0
 11.25%2026A,2026-12-15,17448351000.0,11.25,2026-06-15,981469743.75,0.0
 11.25%2026A,2026-12-15,17448351000.0,11.25,2025-12-15,981469743.75,0.0
 11.25%2026A,2026-12-15,17448351000.0,11.25,2025-06-15,981469743.75,0.0
 11.40%2027A,2027-01-15,2156373300.0,11.4,2027-01-15,122913278.1,2156373300.0
 11.40%2027A,2027-01-15,2156373300.0,11.4,2026-07-15,122913278.1,0.0
 11.40%2027A,2027-01-15,2156373300.0,11.4,2026-01-15,122913278.1,0.0
 11.40%2027A,2027-01-15,2156373300.0,11.4,2025-07-15,122913278.1,0.0
 11.40%2027A,2027-01-15,2156373300.0,11.4,2025-01-15,122913278.1,0.0
 11.40%2027A,2027-01-15,10000000000.0,11.4,2027-01-15,570000000.0,10000000000.0
 11.40%2027A,2027-01-15,10000000000.0,11.4,2026-07-15,570000000.0,0.0
 11.40%2027A,2027-01-15,10000000000.0,11.4,2026-01-15,570000000.0,0.0
 11.40%2027A,2027-01-15,10000000000.0,11.4,2025-07-15,570000000.0,0.0
 11.40%2027A,2027-01-15,10000000000.0,11.4,2025-01-15,570000000.0,0.0
 18.00%2027A,2027-05-01,30823500.0,18.0,2027-05-01,2774115.0,30823500.0
 18.00%2027A,2027-05-01,30823500.0,18.0,2026-11-01,2774115.0,0.0
 18.00%2027A,2027-05-01,30823500.0,18.0,2026-05-01,2774115.0,0.0
 18.00%2027A,2027-05-01,30823500.0,18.0,2025-11-01,2774115.0,0.0
 18.00%2027A,2027-05-01,30823500.0,18.0,2025-05-01,2774115.0,0.0
 18.00%2027A,2027-05-01,281173500.0,18.0,2027-05-01,25305615.0,281173500.0
 18.00%2027A,2027-05-01,281173500.0,18.0,2026-11-01,25305615.0,0.0
 18.00%2027A,2027-05-01,281173500.0,18.0,2026-05-01,25305615.0,0.0
 18.00%2027A,2027-05-01,281173500.0,18.0,2025-11-01,25305615.0,0.0
 18.00%2027A,2027-05-01,281173500.0,18.0,2025-05-01,25305615.0,0.0
 11.75%2027A,2027-06-15,5576400.0,11.75,2027-06-15,327613.5,5576400.0
 11.75%2027A,2027-06-15,5576400.0,11.75,2026-12-15,327613.5,0.0
 11.75%2027A,2027-06-15,5576400.0,11.75,2026-06-15,327613.5,0.0
 11.75%2027A,2027-06-15,5576400.0,11.75,2025-12-15,327613.5,0.0
 11.75%2027A,2027-06-15,5576400.0,11.75,2025-06-15,327613.5,0.0
 11.75%2027A,2027-06-15,13976500.0,11.75,2027-06-15,821119.375,13976500.0
 11.75%2027A,2027-06-15,13976500.0,11.75,2026-12-15,821119.375,0.0
 11.75%2027A,2027-06-15,13976500.0,11.75,2026-06-15,821119.375,0.0
 11.75%2027A,2027-06-15,13976500.0,11.75,2025-12-15,821119.375,0.0
 11.75%2027A,2027-06-15,13976500.0,11.75,2025-06-15,821119.375,0.0
 07.80%2027A,2027-08-15,706570000.0,7.8,2027-08-15,27556230.0,706570000.0
 07.80%2027A,2027-08-15,706570000.0,7.8,2027-02-15,27556230.0,0.0
 07.80%2027A,2027-08-15,706570000.0,7.8,2026-08-15,27556230.0,0.0
 07.80%2027A,2027-08-15,706570000.0,7.8,2026-02-15,27556230.0,0.0
 07.80%2027A,2027-08-15,706570000.0,7.8,2025-08-15,27556230.0,0.0
 07.80%2027A,2027-08-15,706570000.0,7.8,2025-02-15,27556230.0,0.0
 20.00%2027A,2027-09-15,194966600.0,20.0,2027-09-15,19496660.0,194966600.0
 20.00%2027A,2027-09-15,194966600.0,20.0,2027-03-15,19496660.0,0.0
 20.00%2027A,2027-09-15,194966600.0,20.0,2026-09-15,19496660.0,0.0
 20.00%2027A,2027-09-15,194966600.0,20.0,2026-03-15,19496660.0,0.0
 20.00%2027A,2027-09-15,194966600.0,20.0,2025-09-15,19496660.0,0.0
 20.00%2027A,2027-09-15,194966600.0,20.0,2025-03-15,19496660.0,0.0
 10.30%2027A,2027-10-15,25653201500.0,10.3,2027-10-15,1321139877.2500002,25653201500.0
 10.30%2027A,2027-10-15,25653201500.0,10.3,2027-04-15,1321139877.2500002,0.0
 10.30%2027A,2027-10-15,25653201500.0,10.3,2026-10-15,1321139877.2500002,0.0
 10.30%2027A,2027-10-15,25653201500.0,10.3,2026-04-15,1321139877.2500002,0.0
 10.30%2027A,2027-10-15,25653201500.0,10.3,2025-10-15,1321139877.2500002,0.0
 10.30%2027A,2027-10-15,25653201500.0,10.3,2025-04-15,1321139877.2500002,0.0
 10.30%2027A,2027-10-15,467290600.0,10.3,2027-10-15,24065465.9,467290600.0
 10.30%2027A,2027-10-15,467290600.0,10.3,2027-04-15,24065465.9,0.0
 10.30%2027A,2027-10-15,467290600.0,10.3,2026-10-15,24065465.9,0.0
 10.30%2027A,2027-10-15,467290600.0,10.3,2026-04-15,24065465.9,0.0
 10.30%2027A,2027-10-15,467290600.0,10.3,2025-10-15,24065465.9,0.0
 10.30%2027A,2027-10-15,467290600.0,10.3,2025-04-15,24065465.9,0.0
 11.25%2027A,2027-12-15,505931800.0,11.25,2027-12-15,28458663.75,505931800.0
 11.25%2027A,2027-12-15,505931800.0,11.25,2027-06-15,28458663.75,0.0
 11.25%2027A,2027-12-15,505931800.0,11.25,2026-12-15,28458663.75,0.0
 11.25%2027A,2027-12-15,505931800.0,11.25,2026-06-15,28458663.75,0.0
 11.25%2027A,2027-12-15,505931800.0,11.25,2025-12-15,28458663.75,0.0
 11.25%2027A,2027-12-15,505931800.0,11.25,2025-06-15,28458663.75,0.0
 11.25%2027A,2027-12-15,10000000000.0,11.25,2027-12-15,562500000.0,10000000000.0
 11.25%2027A,2027-12-15,10000000000.0,11.25,2027-06-15,562500000.0,0.0
 11.25%2027A,2027-12-15,10000000000.0,11.25,2026-12-15,562500000.0,0.0
 11.25%2027A,2027-12-15,10000000000.0,11.25,2026-06-15,562500000.0,0.0
 11.25%2027A,2027-12-15,10000000000.0,11.25,2025-12-15,562500000.0,0.0
 11.25%2027A,2027-12-15,10000000000.0,11.25,2025-06-15,562500000.0,0.0
 18.00%2028A,2028-01-15,569994900.0,18.0,2028-01-15,51299541.0,569994900.0
 18.00%2028A,2028-01-15,569994900.0,18.0,2027-07-15,51299541.0,0.0
 18.00%2028A,2028-01-15,569994900.0,18.0,2027-01-15,51299541.0,0.0
 18.00%2028A,2028-01-15,569994900.0,18.0,2026-07-15,51299541.0,0.0
 18.00%2028A,2028-01-15,569994900.0,18.0,2026-01-15,51299541.0,0.0
 18.00%2028A,2028-01-15,569994900.0,18.0,2025-07-15,51299541.0,0.0
 18.00%2028A,2028-01-15,569994900.0,18.0,2025-01-15,51299541.0,0.0
 10.75%2028B,2028-02-15,2500000000.0,10.75,2028-02-15,134375000.0,2500000000.0
 10.75%2028B,2028-02-15,2500000000.0,10.75,2027-08-15,134375000.0,0.0
 10.75%2028B,2028-02-15,2500000000.0,10.75,2027-02-15,134375000.0,0.0
 10.75%2028B,2028-02-15,2500000000.0,10.75,2026-08-15,134375000.0,0.0
 10.75%2028B,2028-02-15,2500000000.0,10.75,2026-02-15,134375000.0,0.0
 10.75%2028B,2028-02-15,2500000000.0,10.75,2025-08-15,134375000.0,0.0
 10.75%2028B,2028-02-15,2500000000.0,10.75,2025-02-15,134375000.0,0.0
 10.75%2028B,2028-02-15,1885289800.0,10.75,2028-02-15,101334326.75,1885289800.0
 10.75%2028B,2028-02-15,1885289800.0,10.75,2027-08-15,101334326.75,0.0
 10.75%2028B,2028-02-15,1885289800.0,10.75,2027-02-15,101334326.75,0.0
 10.75%2028B,2028-02-15,1885289800.0,10.75,2026-08-15,101334326.75,0.0
 10.75%2028B,2028-02-15,1885289800.0,10.75,2026-02-15,101334326.75,0.0
 10.75%2028B,2028-02-15,1885289800.0,10.75,2025-08-15,101334326.75,0.0
 10.75%2028B,2028-02-15,1885289800.0,10.75,2025-02-15,101334326.75,0.0
 10.75%2028A,2028-03-15,500000000.0,10.75,2028-03-15,26875000.0,500000000.0
 10.75%2028A,2028-03-15,500000000.0,10.75,2027-09-15,26875000.0,0.0
 10.75%2028A,2028-03-15,500000000.0,10.75,2027-03-15,26875000.0,0.0
 10.75%2028A,2028-03-15,500000000.0,10.75,2026-09-15,26875000.0,0.0
 10.75%2028A,2028-03-15,500000000.0,10.75,2026-03-15,26875000.0,0.0
 10.75%2028A,2028-03-15,500000000.0,10.75,2025-09-15,26875000.0,0.0
 10.75%2028A,2028-03-15,500000000.0,10.75,2025-03-15,26875000.0,0.0
 10.75%2028A,2028-03-15,5665236800.0,10.75,2028-03-15,304506478.0,5665236800.0
 10.75%2028A,2028-03-15,5665236800.0,10.75,2027-09-15,304506478.0,0.0
 10.75%2028A,2028-03-15,5665236800.0,10.75,2027-03-15,304506478.0,0.0
 10.75%2028A,2028-03-15,5665236800.0,10.75,2026-09-15,304506478.0,0.0
 10.75%2028A,2028-03-15,5665236800.0,10.75,2026-03-15,304506478.0,0.0
 10.75%2028A,2028-03-15,5665236800.0,10.75,2025-09-15,304506478.0,0.0
 10.75%2028A,2028-03-15,5665236800.0,10.75,2025-03-15,304506478.0,0.0
 09.00%2028B,2028-05-01,3761698700.0,9.0,2028-05-01,169276441.5,3761698700.0
 09.00%2028B,2028-05-01,3761698700.0,9.0,2027-11-01,169276441.5,0.0
 09.00%2028B,2028-05-01,3761698700.0,9.0,2027-05-01,169276441.5,0.0
 09.00%2028B,2028-05-01,3761698700.0,9.0,2026-11-01,169276441.5,0.0
 09.00%2028B,2028-05-01,3761698700.0,9.0,2026-05-01,169276441.5,0.0
 09.00%2028B,2028-05-01,3761698700.0,9.0,2025-11-01,169276441.5,0.0
 09.00%2028B,2028-05-01,3761698700.0,9.0,2025-05-01,169276441.5,0.0
 09.00%2028B,2028-05-01,200000000.0,9.0,2028-05-01,9000000.0,200000000.0
 09.00%2028B,2028-05-01,200000000.0,9.0,2027-11-01,9000000.0,0.0
 09.00%2028B,2028-05-01,200000000.0,9.0,2027-05-01,9000000.0,0.0
 09.00%2028B,2028-05-01,200000000.0,9.0,2026-11-01,9000000.0,0.0
 09.00%2028B,2028-05-01,200000000.0,9.0,2026-05-01,9000000.0,0.0
 09.00%2028B,2028-05-01,200000000.0,9.0,2025-11-01,9000000.0,0.0
 09.00%2028B,2028-05-01,200000000.0,9.0,2025-05-01,9000000.0,0.0
 09.00%2028A,2028-07-01,500000000.0,9.0,2028-07-01,22500000.0,500000000.0
 09.00%2028A,2028-07-01,500000000.0,9.0,2028-01-01,22500000.0,0.0
 09.00%2028A,2028-07-01,500000000.0,9.0,2027-07-01,22500000.0,0.0
 09.00%2028A,2028-07-01,500000000.0,9.0,2027-01-01,22500000.0,0.0
 09.00%2028A,2028-07-01,500000000.0,9.0,2026-07-01,22500000.0,0.0
 09.00%2028A,2028-07-01,500000000.0,9.0,2026-01-01,22500000.0,0.0
 09.00%2028A,2028-07-01,500000000.0,9.0,2025-07-01,22500000.0,0.0
 11.50%2028A,2028-09-01,12157505300.0,11.5,2028-09-01,699056554.75,12157505300.0
 11.50%2028A,2028-09-01,12157505300.0,11.5,2028-03-01,699056554.75,0.0
 11.50%2028A,2028-09-01,12157505300.0,11.5,2027-09-01,699056554.75,0.0
 11.50%2028A,2028-09-01,12157505300.0,11.5,2027-03-01,699056554.75,0.0
 11.50%2028A,2028-09-01,12157505300.0,11.5,2026-09-01,699056554.75,0.0
 11.50%2028A,2028-09-01,12157505300.0,11.5,2026-03-01,699056554.75,0.0
 11.50%2028A,2028-09-01,12157505300.0,11.5,2025-09-01,699056554.75,0.0
 11.50%2028A,2028-09-01,12157505300.0,11.5,2025-03-01,699056554.75,0.0
 11.50%2028A,2028-09-01,101326802.0,11.5,2028-09-01,5826291.115,101326802.0
 11.50%2028A,2028-09-01,101326802.0,11.5,2028-03-01,5826291.115,0.0
 11.50%2028A,2028-09-01,101326802.0,11.5,2027-09-01,5826291.115,0.0
 11.50%2028A,2028-09-01,101326802.0,11.5,2027-03-01,5826291.115,0.0
 11.50%2028A,2028-09-01,101326802.0,11.5,2026-09-01,5826291.115,0.0
 11.50%2028A,2028-09-01,101326802.0,11.5,2026-03-01,5826291.115,0.0
 11.50%2028A,2028-09-01,101326802.0,11.5,2025-09-01,5826291.115,0.0
 11.50%2028A,2028-09-01,101326802.0,11.5,2025-03-01,5826291.115,0.0
 11.00%2028A,2028-10-15,2705428200.0,11.0,2028-10-15,148798551.0,2705428200.0
 11.00%2028A,2028-10-15,2705428200.0,11.0,2028-04-15,148798551.0,0.0
 11.00%2028A,2028-10-15,2705428200.0,11.0,2027-10-15,148798551.0,0.0
 11.00%2028A,2028-10-15,2705428200.0,11.0,2027-04-15,148798551.0,0.0
 11.00%2028A,2028-10-15,2705428200.0,11.0,2026-10-15,148798551.0,0.0
 11.00%2028A,2028-10-15,2705428200.0,11.0,2026-04-15,148798551.0,0.0
 11.00%2028A,2028-10-15,2705428200.0,11.0,2025-10-15,148798551.0,0.0
 11.00%2028A,2028-10-15,2705428200.0,11.0,2025-04-15,148798551.0,0.0
 11.00%2028A,2028-10-15,11673935000.0,11.0,2028-10-15,642066425.0,11673935000.0
 11.00%2028A,2028-10-15,11673935000.0,11.0,2028-04-15,642066425.0,0.0
 11.00%2028A,2028-10-15,11673935000.0,11.0,2027-10-15,642066425.0,0.0
 11.00%2028A,2028-10-15,11673935000.0,11.0,2027-04-15,642066425.0,0.0
 11.00%2028A,2028-10-15,11673935000.0,11.0,2026-10-15,642066425.0,0.0
 11.00%2028A,2028-10-15,11673935000.0,11.0,2026-04-15,642066425.0,0.0
 11.00%2028A,2028-10-15,11673935000.0,11.0,2025-10-15,642066425.0,0.0
 11.00%2028A,2028-10-15,11673935000.0,11.0,2025-04-15,642066425.0,0.0
 11.50%2028B,2028-12-15,1036128500.0,11.5,2028-12-15,59577388.75,1036128500.0
 11.50%2028B,2028-12-15,1036128500.0,11.5,2028-06-15,59577388.75,0.0
 11.50%2028B,2028-12-15,1036128500.0,11.5,2027-12-15,59577388.75,0.0
 11.50%2028B,2028-12-15,1036128500.0,11.5,2027-06-15,59577388.75,0.0
 11.50%2028B,2028-12-15,1036128500.0,11.5,2026-12-15,59577388.75,0.0
 11.50%2028B,2028-12-15,1036128500.0,11.5,2026-06-15,59577388.75,0.0
 11.50%2028B,2028-12-15,1036128500.0,11.5,2025-12-15,59577388.75,0.0
 11.50%2028B,2028-12-15,1036128500.0,11.5,2025-06-15,59577388.75,0.0
 11.50%2028B,2028-12-15,600000000.0,11.5,2028-12-15,34500000.0,600000000.0
 11.50%2028B,2028-12-15,600000000.0,11.5,2028-06-15,34500000.0,0.0
 11.50%2028B,2028-12-15,600000000.0,11.5,2027-12-15,34500000.0,0.0
 11.50%2028B,2028-12-15,600000000.0,11.5,2027-06-15,34500000.0,0.0
 11.50%2028B,2028-12-15,600000000.0,11.5,2026-12-15,34500000.0,0.0
 11.50%2028B,2028-12-15,600000000.0,11.5,2026-06-15,34500000.0,0.0
 11.50%2028B,2028-12-15,600000000.0,11.5,2025-12-15,34500000.0,0.0
 11.50%2028B,2028-12-15,600000000.0,11.5,2025-06-15,34500000.0,0.0
 11.75%2029A,2029-06-15,7362700.0,11.75,2029-06-15,432558.625,7362700.0
 11.75%2029A,2029-06-15,7362700.0,11.75,2028-12-15,432558.625,0.0
 11.75%2029A,2029-06-15,7362700.0,11.75,2028-06-15,432558.625,0.0
 11.75%2029A,2029-06-15,7362700.0,11.75,2027-12-15,432558.625,0.0
 11.75%2029A,2029-06-15,7362700.0,11.75,2027-06-15,432558.625,0.0
 11.75%2029A,2029-06-15,7362700.0,11.75,2026-12-15,432558.625,0.0
 11.75%2029A,2029-06-15,7362700.0,11.75,2026-06-15,432558.625,0.0
 11.75%2029A,2029-06-15,7362700.0,11.75,2025-12-15,432558.625,0.0
 11.75%2029A,2029-06-15,7362700.0,11.75,2025-06-15,432558.625,0.0
 20.00%2029A,2029-07-15,221108300.0,20.0,2029-07-15,22110830.0,221108300.0
 20.00%2029A,2029-07-15,221108300.0,20.0,2029-01-15,22110830.0,0.0
 20.00%2029A,2029-07-15,221108300.0,20.0,2028-07-15,22110830.0,0.0
 20.00%2029A,2029-07-15,221108300.0,20.0,2028-01-15,22110830.0,0.0
 20.00%2029A,2029-07-15,221108300.0,20.0,2027-07-15,22110830.0,0.0
 20.00%2029A,2029-07-15,221108300.0,20.0,2027-01-15,22110830.0,0.0
 20.00%2029A,2029-07-15,221108300.0,20.0,2026-07-15,22110830.0,0.0
 20.00%2029A,2029-07-15,221108300.0,20.0,2026-01-15,22110830.0,0.0
 20.00%2029A,2029-07-15,221108300.0,20.0,2025-07-15,22110830.0,0.0
 20.00%2029A,2029-07-15,221108300.0,20.0,2025-01-15,22110830.0,0.0
 20.00%2029A,2029-07-15,50000000.0,20.0,2029-07-15,5000000.0,50000000.0
 20.00%2029A,2029-07-15,50000000.0,20.0,2029-01-15,5000000.0,0.0
 20.00%2029A,2029-07-15,50000000.0,20.0,2028-07-15,5000000.0,0.0
 20.00%2029A,2029-07-15,50000000.0,20.0,2028-01-15,5000000.0,0.0
 20.00%2029A,2029-07-15,50000000.0,20.0,2027-07-15,5000000.0,0.0
 20.00%2029A,2029-07-15,50000000.0,20.0,2027-01-15,5000000.0,0.0
 20.00%2029A,2029-07-15,50000000.0,20.0,2026-07-15,5000000.0,0.0
 20.00%2029A,2029-07-15,50000000.0,20.0,2026-01-15,5000000.0,0.0
 20.00%2029A,2029-07-15,50000000.0,20.0,2025-07-15,5000000.0,0.0
 20.00%2029A,2029-07-15,50000000.0,20.0,2025-01-15,5000000.0,0.0
 11.00%2029A,2029-09-15,247314311.0,11.0,2029-09-15,13602287.105,247314311.0
 11.00%2029A,2029-09-15,247314311.0,11.0,2029-03-15,13602287.105,0.0
 11.00%2029A,2029-09-15,247314311.0,11.0,2028-09-15,13602287.105,0.0
 11.00%2029A,2029-09-15,247314311.0,11.0,2028-03-15,13602287.105,0.0
 11.00%2029A,2029-09-15,247314311.0,11.0,2027-09-15,13602287.105,0.0
 11.00%2029A,2029-09-15,247314311.0,11.0,2027-03-15,13602287.105,0.0
 11.00%2029A,2029-09-15,247314311.0,11.0,2026-09-15,13602287.105,0.0
 11.00%2029A,2029-09-15,247314311.0,11.0,2026-03-15,13602287.105,0.0
 11.00%2029A,2029-09-15,247314311.0,11.0,2025-09-15,13602287.105,0.0
 11.00%2029A,2029-09-15,247314311.0,11.0,2025-03-15,13602287.105,0.0
 11.00%2029B,2029-12-15,5000000000.0,11.0,2029-12-15,275000000.0,5000000000.0
 11.00%2029B,2029-12-15,5000000000.0,11.0,2029-06-15,275000000.0,0.0
 11.00%2029B,2029-12-15,5000000000.0,11.0,2028-12-15,275000000.0,0.0
 11.00%2029B,2029-12-15,5000000000.0,11.0,2028-06-15,275000000.0,0.0
 11.00%2029B,2029-12-15,5000000000.0,11.0,2027-12-15,275000000.0,0.0
 11.00%2029B,2029-12-15,5000000000.0,11.0,2027-06-15,275000000.0,0.0
 11.00%2029B,2029-12-15,5000000000.0,11.0,2026-12-15,275000000.0,0.0
 11.00%2029B,2029-12-15,5000000000.0,11.0,2026-06-15,275000000.0,0.0
 11.00%2029B,2029-12-15,5000000000.0,11.0,2025-12-15,275000000.0,0.0
 11.00%2029B,2029-12-15,5000000000.0,11.0,2025-06-15,275000000.0,0.0
 11.00%2030A,2030-05-15,1249800.0,11.0,2030-05-15,68739.0,1249800.0
 11.00%2030A,2030-05-15,1249800.0,11.0,2029-11-15,68739.0,0.0
 11.00%2030A,2030-05-15,1249800.0,11.0,2029-05-15,68739.0,0.0
 11.00%2030A,2030-05-15,1249800.0,11.0,2028-11-15,68739.0,0.0
 11.00%2030A,2030-05-15,1249800.0,11.0,2028-05-15,68739.0,0.0
 11.00%2030A,2030-05-15,1249800.0,11.0,2027-11-15,68739.0,0.0
 11.00%2030A,2030-05-15,1249800.0,11.0,2027-05-15,68739.0,0.0
 11.00%2030A,2030-05-15,1249800.0,11.0,2026-11-15,68739.0,0.0
 11.00%2030A,2030-05-15,1249800.0,11.0,2026-05-15,68739.0,0.0
 11.00%2030A,2030-05-15,1249800.0,11.0,2025-11-15,68739.0,0.0
 11.00%2030A,2030-05-15,1249800.0,11.0,2025-05-15,68739.0,0.0
 11.00%2030A,2030-05-15,512211300.0,11.0,2030-05-15,28171621.5,512211300.0
 11.00%2030A,2030-05-15,512211300.0,11.0,2029-11-15,28171621.5,0.0
 11.00%2030A,2030-05-15,512211300.0,11.0,2029-05-15,28171621.5,0.0
 11.00%2030A,2030-05-15,512211300.0,11.0,2028-11-15,28171621.5,0.0
 11.00%2030A,2030-05-15,512211300.0,11.0,2028-05-15,28171621.5,0.0
 11.00%2030A,2030-05-15,512211300.0,11.0,2027-11-15,28171621.5,0.0
 11.00%2030A,2030-05-15,512211300.0,11.0,2027-05-15,28171621.5,0.0
 11.00%2030A,2030-05-15,512211300.0,11.0,2026-11-15,28171621.5,0.0
 11.00%2030A,2030-05-15,512211300.0,11.0,2026-05-15,28171621.5,0.0
 11.00%2030A,2030-05-15,512211300.0,11.0,2025-11-15,28171621.5,0.0
 11.00%2030A,2030-05-15,512211300.0,11.0,2025-05-15,28171621.5,0.0
 11.00%2030B,2030-10-15,450000000.0,11.0,2030-10-15,24750000.0,450000000.0
 11.00%2030B,2030-10-15,450000000.0,11.0,2030-04-15,24750000.0,0.0
 11.00%2030B,2030-10-15,450000000.0,11.0,2029-10-15,24750000.0,0.0
 11.00%2030B,2030-10-15,450000000.0,11.0,2029-04-15,24750000.0,0.0
 11.00%2030B,2030-10-15,450000000.0,11.0,2028-10-15,24750000.0,0.0
 11.00%2030B,2030-10-15,450000000.0,11.0,2028-04-15,24750000.0,0.0
 11.00%2030B,2030-10-15,450000000.0,11.0,2027-10-15,24750000.0,0.0
 11.00%2030B,2030-10-15,450000000.0,11.0,2027-04-15,24750000.0,0.0
 11.00%2030B,2030-10-15,450000000.0,11.0,2026-10-15,24750000.0,0.0
 11.00%2030B,2030-10-15,450000000.0,11.0,2026-04-15,24750000.0,0.0
 11.00%2030B,2030-10-15,450000000.0,11.0,2025-10-15,24750000.0,0.0
 11.00%2030B,2030-10-15,450000000.0,11.0,2025-04-15,24750000.0,0.0
 11.00%2030B,2030-10-15,1000000000.0,11.0,2030-10-15,55000000.0,1000000000.0
 11.00%2030B,2030-10-15,1000000000.0,11.0,2030-04-15,55000000.0,0.0
 11.00%2030B,2030-10-15,1000000000.0,11.0,2029-10-15,55000000.0,0.0
 11.00%2030B,2030-10-15,1000000000.0,11.0,2029-04-15,55000000.0,0.0
 11.00%2030B,2030-10-15,1000000000.0,11.0,2028-10-15,55000000.0,0.0
 11.00%2030B,2030-10-15,1000000000.0,11.0,2028-04-15,55000000.0,0.0
 11.00%2030B,2030-10-15,1000000000.0,11.0,2027-10-15,55000000.0,0.0
 11.00%2030B,2030-10-15,1000000000.0,11.0,2027-04-15,55000000.0,0.0
 11.00%2030B,2030-10-15,1000000000.0,11.0,2026-10-15,55000000.0,0.0
 11.00%2030B,2030-10-15,1000000000.0,11.0,2026-04-15,55000000.0,0.0
 11.00%2030B,2030-10-15,1000000000.0,11.0,2025-10-15,55000000.0,0.0
 11.00%2030B,2030-10-15,1000000000.0,11.0,2025-04-15,55000000.0,0.0
 11.25%2031A,2031-03-15,250000000.0,11.25,2031-03-15,14062500.0,250000000.0
 11.25%2031A,2031-03-15,250000000.0,11.25,2030-09-15,14062500.0,0.0
 11.25%2031A,2031-03-15,250000000.0,11.25,2030-03-15,14062500.0,0.0
 11.25%2031A,2031-03-15,250000000.0,11.25,2029-09-15,14062500.0,0.0
 11.25%2031A,2031-03-15,250000000.0,11.25,2029-03-15,14062500.0,0.0
 11.25%2031A,2031-03-15,250000000.0,11.25,2028-09-15,14062500.0,0.0
 11.25%2031A,2031-03-15,250000000.0,11.25,2028-03-15,14062500.0,0.0
 11.25%2031A,2031-03-15,250000000.0,11.25,2027-09-15,14062500.0,0.0
 11.25%2031A,2031-03-15,250000000.0,11.25,2027-03-15,14062500.0,0.0
 11.25%2031A,2031-03-15,250000000.0,11.25,2026-09-15,14062500.0,0.0
 11.25%2031A,2031-03-15,250000000.0,11.25,2026-03-15,14062500.0,0.0
 11.25%2031A,2031-03-15,250000000.0,11.25,2025-09-15,14062500.0,0.0
 11.25%2031A,2031-03-15,250000000.0,11.25,2025-03-15,14062500.0,0.0
 12.00%2031A,2031-12-01,450000000.0,12.0,2031-12-01,27000000.0,450000000.0
 12.00%2031A,2031-12-01,450000000.0,12.0,2031-06-01,27000000.0,0.0
 12.00%2031A,2031-12-01,450000000.0,12.0,2030-12-01,27000000.0,0.0
 12.00%2031A,2031-12-01,450000000.0,12.0,2030-06-01,27000000.0,0.0
 12.00%2031A,2031-12-01,450000000.0,12.0,2029-12-01,27000000.0,0.0
 12.00%2031A,2031-12-01,450000000.0,12.0,2029-06-01,27000000.0,0.0
 12.00%2031A,2031-12-01,450000000.0,12.0,2028-12-01,27000000.0,0.0
 12.00%2031A,2031-12-01,450000000.0,12.0,2028-06-01,27000000.0,0.0
 12.00%2031A,2031-12-01,450000000.0,12.0,2027-12-01,27000000.0,0.0
 12.00%2031A,2031-12-01,450000000.0,12.0,2027-06-01,27000000.0,0.0
 12.00%2031A,2031-12-01,450000000.0,12.0,2026-12-01,27000000.0,0.0
 12.00%2031A,2031-12-01,450000000.0,12.0,2026-06-01,27000000.0,0.0
 12.00%2031A,2031-12-01,450000000.0,12.0,2025-12-01,27000000.0,0.0
 12.00%2031A,2031-12-01,450000000.0,12.0,2025-06-01,27000000.0,0.0
 08.00%2032A,2032-01-01,15000000000.0,8.0,2032-01-01,600000000.0,15000000000.0
 08.00%2032A,2032-01-01,15000000000.0,8.0,2031-07-01,600000000.0,0.0
 08.00%2032A,2032-01-01,15000000000.0,8.0,2031-01-01,600000000.0,0.0
 08.00%2032A,2032-01-01,15000000000.0,8.0,2030-07-01,600000000.0,0.0
 08.00%2032A,2032-01-01,15000000000.0,8.0,2030-01-01,600000000.0,0.0
 08.00%2032A,2032-01-01,15000000000.0,8.0,2029-07-01,600000000.0,0.0
 08.00%2032A,2032-01-01,15000000000.0,8.0,2029-01-01,600000000.0,0.0
 08.00%2032A,2032-01-01,15000000000.0,8.0,2028-07-01,600000000.0,0.0
 08.00%2032A,2032-01-01,15000000000.0,8.0,2028-01-01,600000000.0,0.0
 08.00%2032A,2032-01-01,15000000000.0,8.0,2027-07-01,600000000.0,0.0
 08.00%2032A,2032-01-01,15000000000.0,8.0,2027-01-01,600000000.0,0.0
 08.00%2032A,2032-01-01,15000000000.0,8.0,2026-07-01,600000000.0,0.0
 08.00%2032A,2032-01-01,15000000000.0,8.0,2026-01-01,600000000.0,0.0
 08.00%2032A,2032-01-01,15000000000.0,8.0,2025-07-01,600000000.0,0.0
 18.00%2032A,2032-07-01,20000000.0,18.0,2032-07-01,1800000.0,20000000.0
 18.00%2032A,2032-07-01,20000000.0,18.0,2032-01-01,1800000.0,0.0
 18.00%2032A,2032-07-01,20000000.0,18.0,2031-07-01,1800000.0,0.0
 18.00%2032A,2032-07-01,20000000.0,18.0,2031-01-01,1800000.0,0.0
 18.00%2032A,2032-07-01,20000000.0,18.0,2030-07-01,1800000.0,0.0
 18.00%2032A,2032-07-01,20000000.0,18.0,2030-01-01,1800000.0,0.0
 18.00%2032A,2032-07-01,20000000.0,18.0,2029-07-01,1800000.0,0.0
 18.00%2032A,2032-07-01,20000000.0,18.0,2029-01-01,1800000.0,0.0
 18.00%2032A,2032-07-01,20000000.0,18.0,2028-07-01,1800000.0,0.0
 18.00%2032A,2032-07-01,20000000.0,18.0,2028-01-01,1800000.0,0.0
 18.00%2032A,2032-07-01,20000000.0,18.0,2027-07-01,1800000.0,0.0
 18.00%2032A,2032-07-01,20000000.0,18.0,2027-01-01,1800000.0,0.0
 18.00%2032A,2032-07-01,20000000.0,18.0,2026-07-01,1800000.0,0.0
 18.00%2032A,2032-07-01,20000000.0,18.0,2026-01-01,1800000.0,0.0
 18.00%2032A,2032-07-01,20000000.0,18.0,2025-07-01,1800000.0,0.0
 09.00%2032A,2032-10-01,100000000.0,9.0,2032-10-01,4500000.0,100000000.0
 09.00%2032A,2032-10-01,100000000.0,9.0,2032-04-01,4500000.0,0.0
 09.00%2032A,2032-10-01,100000000.0,9.0,2031-10-01,4500000.0,0.0
 09.00%2032A,2032-10-01,100000000.0,9.0,2031-04-01,4500000.0,0.0
 09.00%2032A,2032-10-01,100000000.0,9.0,2030-10-01,4500000.0,0.0
 09.00%2032A,2032-10-01,100000000.0,9.0,2030-04-01,4500000.0,0.0
 09.00%2032A,2032-10-01,100000000.0,9.0,2029-10-01,4500000.0,0.0
 09.00%2032A,2032-10-01,100000000.0,9.0,2029-04-01,4500000.0,0.0
 09.00%2032A,2032-10-01,100000000.0,9.0,2028-10-01,4500000.0,0.0
 09.00%2032A,2032-10-01,100000000.0,9.0,2028-04-01,4500000.0,0.0
 09.00%2032A,2032-10-01,100000000.0,9.0,2027-10-01,4500000.0,0.0
 09.00%2032A,2032-10-01,100000000.0,9.0,2027-04-01,4500000.0,0.0
 09.00%2032A,2032-10-01,100000000.0,9.0,2026-10-01,4500000.0,0.0
 09.00%2032A,2032-10-01,100000000.0,9.0,2026-04-01,4500000.0,0.0
 09.00%2032A,2032-10-01,100000000.0,9.0,2025-10-01,4500000.0,0.0
 09.00%2032A,2032-10-01,100000000.0,9.0,2025-04-01,4500000.0,0.0
 09.00%2032A,2032-10-01,1235215200.0,9.0,2032-10-01,55584684.0,1235215200.0
 09.00%2032A,2032-10-01,1235215200.0,9.0,2032-04-01,55584684.0,0.0
 09.00%2032A,2032-10-01,1235215200.0,9.0,2031-10-01,55584684.0,0.0
 09.00%2032A,2032-10-01,1235215200.0,9.0,2031-04-01,55584684.0,0.0
 09.00%2032A,2032-10-01,1235215200.0,9.0,2030-10-01,55584684.0,0.0
 09.00%2032A,2032-10-01,1235215200.0,9.0,2030-04-01,55584684.0,0.0
 09.00%2032A,2032-10-01,1235215200.0,9.0,2029-10-01,55584684.0,0.0
 09.00%2032A,2032-10-01,1235215200.0,9.0,2029-04-01,55584684.0,0.0
 09.00%2032A,2032-10-01,1235215200.0,9.0,2028-10-01,55584684.0,0.0
 09.00%2032A,2032-10-01,1235215200.0,9.0,2028-04-01,55584684.0,0.0
 09.00%2032A,2032-10-01,1235215200.0,9.0,2027-10-01,55584684.0,0.0
 09.00%2032A,2032-10-01,1235215200.0,9.0,2027-04-01,55584684.0,0.0
 09.00%2032A,2032-10-01,1235215200.0,9.0,2026-10-01,55584684.0,0.0
 09.00%2032A,2032-10-01,1235215200.0,9.0,2026-04-01,55584684.0,0.0
 09.00%2032A,2032-10-01,1235215200.0,9.0,2025-10-01,55584684.0,0.0
 09.00%2032A,2032-10-01,1235215200.0,9.0,2025-04-01,55584684.0,0.0
 11.20%2033A,2033-01-15,100000000.0,11.2,2033-01-15,5600000.0,100000000.0
 11.20%2033A,2033-01-15,100000000.0,11.2,2032-07-15,5600000.0,0.0
 11.20%2033A,2033-01-15,100000000.0,11.2,2032-01-15,5600000.0,0.0
 11.20%2033A,2033-01-15,100000000.0,11.2,2031-07-15,5600000.0,0.0
 11.20%2033A,2033-01-15,100000000.0,11.2,2031-01-15,5600000.0,0.0
 11.20%2033A,2033-01-15,100000000.0,11.2,2030-07-15,5600000.0,0.0
 11.20%2033A,2033-01-15,100000000.0,11.2,2030-01-15,5600000.0,0.0
 11.20%2033A,2033-01-15,100000000.0,11.2,2029-07-15,5600000.0,0.0
 11.20%2033A,2033-01-15,100000000.0,11.2,2029-01-15,5600000.0,0.0
 11.20%2033A,2033-01-15,100000000.0,11.2,2028-07-15,5600000.0,0.0
 11.20%2033A,2033-01-15,100000000.0,11.2,2028-01-15,5600000.0,0.0
 11.20%2033A,2033-01-15,100000000.0,11.2,2027-07-15,5600000.0,0.0
 11.20%2033A,2033-01-15,100000000.0,11.2,2027-01-15,5600000.0,0.0
 11.20%2033A,2033-01-15,100000000.0,11.2,2026-07-15,5600000.0,0.0
 11.20%2033A,2033-01-15,100000000.0,11.2,2026-01-15,5600000.0,0.0
 11.20%2033A,2033-01-15,100000000.0,11.2,2025-07-15,5600000.0,0.0
 11.20%2033A,2033-01-15,100000000.0,11.2,2025-01-15,5600000.0,0.0
 10.25%2034A,2034-09-15,500000000.0,10.25,2034-09-15,25625000.0,500000000.0
 10.25%2034A,2034-09-15,500000000.0,10.25,2034-03-15,25625000.0,0.0
 10.25%2034A,2034-09-15,500000000.0,10.25,2033-09-15,25625000.0,0.0
 10.25%2034A,2034-09-15,500000000.0,10.25,2033-03-15,25625000.0,0.0
 10.25%2034A,2034-09-15,500000000.0,10.25,2032-09-15,25625000.0,0.0
 10.25%2034A,2034-09-15,500000000.0,10.25,2032-03-15,25625000.0,0.0
 10.25%2034A,2034-09-15,500000000.0,10.25,2031-09-15,25625000.0,0.0
 10.25%2034A,2034-09-15,500000000.0,10.25,2031-03-15,25625000.0,0.0
 10.25%2034A,2034-09-15,500000000.0,10.25,2030-09-15,25625000.0,0.0
 10.25%2034A,2034-09-15,500000000.0,10.25,2030-03-15,25625000.0,0.0
 10.25%2034A,2034-09-15,500000000.0,10.25,2029-09-15,25625000.0,0.0
 10.25%2034A,2034-09-15,500000000.0,10.25,2029-03-15,25625000.0,0.0
 10.25%2034A,2034-09-15,500000000.0,10.25,2028-09-15,25625000.0,0.0
 10.25%2034A,2034-09-15,500000000.0,10.25,2028-03-15,25625000.0,0.0
 10.25%2034A,2034-09-15,500000000.0,10.25,2027-09-15,25625000.0,0.0
 10.25%2034A,2034-09-15,500000000.0,10.25,2027-03-15,25625000.0,0.0
 10.25%2034A,2034-09-15,500000000.0,10.25,2026-09-15,25625000.0,0.0
 10.25%2034A,2034-09-15,500000000.0,10.25,2026-03-15,25625000.0,0.0
 10.25%2034A,2034-09-15,500000000.0,10.25,2025-09-15,25625000.0,0.0
 10.25%2034A,2034-09-15,500000000.0,10.25,2025-03-15,25625000.0,0.0
 10.5%2039A,2039-08-15,100000000.0,10.5,2039-08-15,5250000.0,100000000.0
 10.5%2039A,2039-08-15,100000000.0,10.5,2039-02-15,5250000.0,0.0
 10.5%2039A,2039-08-15,100000000.0,10.5,2038-08-15,5250000.0,0.0
 10.5%2039A,2039-08-15,100000000.0,10.5,2038-02-15,5250000.0,0.0
 10.5%2039A,2039-08-15,100000000.0,10.5,2037-08-15,5250000.0,0.0
 10.5%2039A,2039-08-15,100000000.0,10.5,2037-02-15,5250000.0,0.0
 10.5%2039A,2039-08-15,100000000.0,10.5,2036-08-15,5250000.0,0.0
 10.5%2039A,2039-08-15,100000000.0,10.5,2036-02-15,5250000.0,0.0
 10.5%2039A,2039-08-15,100000000.0,10.5,2035-08-15,5250000.0,0.0
 10.5%2039A,2039-08-15,100000000.0,10.5,2035-02-15,5250000.0,0.0
 10.5%2039A,2039-08-15,100000000.0,10.5,2034-08-15,5250000.0,0.0
 10.5%2039A,2039-08-15,100000000.0,10.5,2034-02-15,5250000.0,0.0
 10.5%2039A,2039-08-15,100000000.0,10.5,2033-08-15,5250000.0,0.0
 10.5%2039A,2039-08-15,100000000.0,10.5,2033-02-15,5250000.0,0.0
 10.5%2039A,2039-08-15,100000000.0,10.5,2032-08-15,5250000.0,0.0
 10.5%2039A,2039-08-15,100000000.0,10.5,2032-02-15,5250000.0,0.0
 10.5%2039A,2039-08-15,100000000.0,10.5,2031-08-15,5250000.0,0.0
 10.5%2039A,2039-08-15,100000000.0,10.5,2031-02-15,5250000.0,0.0
 10.5%2039A,2039-08-15,100000000.0,10.5,2030-08-15,5250000.0,0.0
 10.5%2039A,2039-08-15,100000000.0,10.5,2030-02-15,5250000.0,0.0
 10.5%2039A,2039-08-15,100000000.0,10.5,2029-08-15,5250000.0,0.0
 10.5%2039A,2039-08-15,100000000.0,10.5,2029-02-15,5250000.0,0.0
 10.5%2039A,2039-08-15,100000000.0,10.5,2028-08-15,5250000.0,0.0
 10.5%2039A,2039-08-15,100000000.0,10.5,2028-02-15,5250000.0,0.0
 10.5%2039A,2039-08-15,100000000.0,10.5,2027-08-15,5250000.0,0.0
 10.5%2039A,2039-08-15,100000000.0,10.5,2027-02-15,5250000.0,0.0
 10.5%2039A,2039-08-15,100000000.0,10.5,2026-08-15,5250000.0,0.0
 10.5%2039A,2039-08-15,100000000.0,10.5,2026-02-15,5250000.0,0.0
 10.5%2039A,2039-08-15,100000000.0,10.5,2025-08-15,5250000.0,0.0
 10.5%2039A,2039-08-15,100000000.0,10.5,2025-02-15,5250000.0,0.0
 12.50%2045A,2045-03-01,479400.0,12.5,2045-03-01,29962.5,479400.0
 12.50%2045A,2045-03-01,479400.0,12.5,2044-09-01,29962.5,0.0
 12.50%2045A,2045-03-01,479400.0,12.5,2044-03-01,29962.5,0.0
 12.50%2045A,2045-03-01,479400.0,12.5,2043-09-01,29962.5,0.0
 12.50%2045A,2045-03-01,479400.0,12.5,2043-03-01,29962.5,0.0
 12.50%2045A,2045-03-01,479400.0,12.5,2042-09-01,29962.5,0.0
 12.50%2045A,2045-03-01,479400.0,12.5,2042-03-01,29962.5,0.0
 12.50%2045A,2045-03-01,479400.0,12.5,2041-09-01,29962.5,0.0
 12.50%2045A,2045-03-01,479400.0,12.5,2041-03-01,29962.5,0.0
 12.50%2045A,2045-03-01,479400.0,12.5,2040-09-01,29962.5,0.0
 12.50%2045A,2045-03-01,479400.0,12.5,2040-03-01,29962.5,0.0
 12.50%2045A,2045-03-01,479400.0,12.5,2039-09-01,29962.5,0.0
 12.50%2045A,2045-03-01,479400.0,12.5,2039-03-01,29962.5,0.0
 12.50%2045A,2045-03-01,479400.0,12.5,2038-09-01,29962.5,0.0
 12.50%2045A,2045-03-01,479400.0,12.5,2038-03-01,29962.5,0.0
 12.50%2045A,2045-03-01,479400.0,12.5,2037-09-01,29962.5,0.0
 12.50%2045A,2045-03-01,479400.0,12.5,2037-03-01,29962.5,0.0
 12.50%2045A,2045-03-01,479400.0,12.5,2036-09-01,29962.5,0.0
 12.50%2045A,2045-03-01,479400.0,12.5,2036-03-01,29962.5,0.0
 12.50%2045A,2045-03-01,479400.0,12.5,2035-09-01,29962.5,0.0
 12.50%2045A,2045-03-01,479400.0,12.5,2035-03-01,29962.5,0.0
 12.50%2045A,2045-03-01,479400.0,12.5,2034-09-01,29962.5,0.0
 12.50%2045A,2045-03-01,479400.0,12.5,2034-03-01,29962.5,0.0
 12.50%2045A,2045-03-01,479400.0,12.5,2033-09-01,29962.5,0.0
 12.50%2045A,2045-03-01,479400.0,12.5,2033-03-01,29962.5,0.0
 12.50%2045A,2045-03-01,479400.0,12.5,2032-09-01,29962.5,0.0
 12.50%2045A,2045-03-01,479400.0,12.5,2032-03-01,29962.5,0.0
 12.50%2045A,2045-03-01,479400.0,12.5,2031-09-01,29962.5,0.0
 12.50%2045A,2045-03-01,479400.0,12.5,2031-03-01,29962.5,0.0
 12.50%2045A,2045-03-01,479400.0,12.5,2030-09-01,29962.5,0.0
 12.50%2045A,2045-03-01,479400.0,12.5,2030-03-01,29962.5,0.0
 12.50%2045A,2045-03-01,479400.0,12.5,2029-09-01,29962.5,0.0
 12.50%2045A,2045-03-01,479400.0,12.5,2029-03-01,29962.5,0.0
 12.50%2045A,2045-03-01,479400.0,12.5,2028-09-01,29962.5,0.0
 12.50%2045A,2045-03-01,479400.0,12.5,2028-03-01,29962.5,0.0
 12.50%2045A,2045-03-01,479400.0,12.5,2027-09-01,29962.5,0.0
 12.50%2045A,2045-03-01,479400.0,12.5,2027-03-01,29962.5,0.0
 12.50%2045A,2045-03-01,479400.0,12.5,2026-09-01,29962.5,0.0
 12.50%2045A,2045-03-01,479400.0,12.5,2026-03-01,29962.5,0.0
 12.50%2045A,2045-03-01,479400.0,12.5,2025-09-01,29962.5,0.0
 12.50%2045A,2045-03-01,479400.0,12.5,2025-03-01,29962.5,0.0
TB,2025-08-01,355542000.0,TB,2025-08-01,0.0,355542000.0
TB,2025-08-01,86630786.0,TB,2025-08-01,0.0,86630786.0
TB,2025-08-01,63261862.0,TB,2025-08-01,0.0,63261862.0
TB,2026-01-02,2607189816.0,TB,2026-01-02,0.0,2607189816.0
TB,2026-01-02,184300608.0,TB,2026-01-02,0.0,184300608.0
TB,2026-01-02,165674933.0,TB,2026-01-02,0.0,165674933.0
TB,2025-05-02,56571551.0,TB,2025-05-02,0.0,56571551.0
TB,2025-05-02,39618913.0,TB,2025-05-02,0.0,39618913.0
TB,2025-05-02,36003012.0,TB,2025-05-02,0.0,36003012.0
TB,2025-05-02,2032266.0,TB,2025-05-02,0.0,2032266.0
TB,2025-05-02,1316463.0,TB,2025-05-02,0.0,1316463.0
TB,2025-05-02,520568.0,TB,2025-05-02,0.0,520568.0
TB,2025-10-03,319527049.0,TB,2025-10-03,0.0,319527049.0
TB,2025-04-04,4783273400.0,TB,2025-04-04,0.0,4783273400.0
TB,2025-04-04,652746353.0,TB,2025-04-04,0.0,652746353.0
TB,2025-04-04,222226605.0,TB,2025-04-04,0.0,222226605.0
TB,2025-04-04,54113.0,TB,2025-04-04,0.0,54113.0
TB,2025-04-04,1729591.0,TB,2025-04-04,0.0,1729591.0
TB,2025-04-04,1543022.0,TB,2025-04-04,0.0,1543022.0
TB,2025-04-04,68892793.0,TB,2025-04-04,0.0,68892793.0
TB,2025-04-04,37821852.0,TB,2025-04-04,0.0,37821852.0
TB,2025-07-04,7500000000.0,TB,2025-07-04,0.0,7500000000.0
TB,2025-07-04,2140201840.0,TB,2025-07-04,0.0,2140201840.0
TB,2025-07-04,83260091.0,TB,2025-07-04,0.0,83260091.0
TB,2025-07-04,5215698.0,TB,2025-07-04,0.0,5215698.0
TB,2025-07-04,2236703.0,TB,2025-07-04,0.0,2236703.0
TB,2025-09-05,133567.0,TB,2025-09-05,0.0,133567.0
TB,2025-09-05,67104022.0,TB,2025-09-05,0.0,67104022.0
TB,2025-09-05,10000.0,TB,2025-09-05,0.0,10000.0
TB,2025-09-05,541748.0,TB,2025-09-05,0.0,541748.0
TB,2025-09-05,600000.0,TB,2025-09-05,0.0,600000.0
TB,2025-09-05,600000.0,TB,2025-09-05,0.0,600000.0
TB,2025-09-05,250000.0,TB,2025-09-05,0.0,250000.0
TB,2025-09-05,159648.0,TB,2025-09-05,0.0,159648.0
TB,2025-09-05,120000.0,TB,2025-09-05,0.0,120000.0
TB,2025-12-05,469407.0,TB,2025-12-05,0.0,469407.0
TB,2025-12-05,44617614.0,TB,2025-12-05,0.0,44617614.0
TB,2025-12-05,250178.0,TB,2025-12-05,0.0,250178.0
TB,2026-02-06,2499892751.0,TB,2026-02-06,0.0,2499892751.0
TB,2025-06-06,200775720.0,TB,2025-06-06,0.0,200775720.0
TB,2025-06-06,208894.0,TB,2025-06-06,0.0,208894.0
TB,2025-06-06,1479297.0,TB,2025-06-06,0.0,1479297.0
TB,2025-06-06,2093847.0,TB,2025-06-06,0.0,2093847.0
TB,2025-06-06,65381341.0,TB,2025-06-06,0.0,65381341.0
TB,2025-03-07,204715500.0,TB,2025-03-07,0.0,204715500.0
TB,2025-03-07,518273.0,TB,2025-03-07,0.0,518273.0
TB,2025-03-07,1011278.0,TB,2025-03-07,0.0,1011278.0
TB,2025-03-07,137761.0,TB,2025-03-07,0.0,137761.0
TB,2025-03-07,307489.0,TB,2025-03-07,0.0,307489.0
TB,2025-03-07,101752.0,TB,2025-03-07,0.0,101752.0
TB,2025-03-07,626797.0,TB,2025-03-07,0.0,626797.0
TB,2025-11-07,200369.0,TB,2025-11-07,0.0,200369.0
TB,2025-11-07,105318313.0,TB,2025-11-07,0.0,105318313.0
TB,2025-11-07,1080506.0,TB,2025-11-07,0.0,1080506.0
TB,2025-11-07,603796.0,TB,2025-11-07,0.0,603796.0
TB,2025-08-08,500000000.0,TB,2025-08-08,0.0,500000000.0
TB,2025-08-08,68831559.0,TB,2025-08-08,0.0,68831559.0
TB,2025-08-08,41814834.0,TB,2025-08-08,0.0,41814834.0
TB,2025-08-08,1000000.0,TB,2025-08-08,0.0,1000000.0
TB,2025-08-08,1000000.0,TB,2025-08-08,0.0,1000000.0
TB,2025-08-08,1000000.0,TB,2025-08-08,0.0,1000000.0
TB,2026-01-09,500000000.0,TB,2026-01-09,0.0,500000000.0
TB,2025-05-09,215962604.0,TB,2025-05-09,0.0,215962604.0
TB,2025-05-09,446333000.0,TB,2025-05-09,0.0,446333000.0
TB,2025-05-09,14327697.0,TB,2025-05-09,0.0,14327697.0
TB,2025-05-09,64526560.0,TB,2025-05-09,0.0,64526560.0
TB,2025-05-09,6795250.0,TB,2025-05-09,0.0,6795250.0
TB,2025-04-11,200000.0,TB,2025-04-11,0.0,200000.0
TB,2025-04-11,117707480.0,TB,2025-04-11,0.0,117707480.0
TB,2025-04-11,1500000.0,TB,2025-04-11,0.0,1500000.0
TB,2025-04-11,2856394.0,TB,2025-04-11,0.0,2856394.0
TB,2025-04-11,18310432.0,TB,2025-04-11,0.0,18310432.0
TB,2025-04-11,87940746.0,TB,2025-04-11,0.0,87940746.0
TB,2025-04-11,200000000.0,TB,2025-04-11,0.0,200000000.0
TB,2025-04-11,500000000.0,TB,2025-04-11,0.0,500000000.0
TB,2025-04-11,100000.0,TB,2025-04-11,0.0,100000.0
TB,2025-04-11,125855853.0,TB,2025-04-11,0.0,125855853.0
TB,2025-04-11,58375493.0,TB,2025-04-11,0.0,58375493.0
TB,2025-04-11,7214007.0,TB,2025-04-11,0.0,7214007.0
TB,2025-07-11,2395492.0,TB,2025-07-11,0.0,2395492.0
TB,2025-07-11,500000000.0,TB,2025-07-11,0.0,500000000.0
TB,2025-07-11,500000000.0,TB,2025-07-11,0.0,500000000.0
TB,2025-07-11,25000000.0,TB,2025-07-11,0.0,25000000.0
TB,2025-09-12,1000000.0,TB,2025-09-12,0.0,1000000.0
TB,2025-02-14,116583507.0,TB,2025-02-14,0.0,116583507.0
TB,2025-02-14,209902.0,TB,2025-02-14,0.0,209902.0
TB,2025-02-14,104951.0,TB,2025-02-14,0.0,104951.0
TB,2025-02-14,2079525.0,TB,2025-02-14,0.0,2079525.0
TB,2025-02-14,993500.0,TB,2025-02-14,0.0,993500.0
TB,2025-02-14,2418997.0,TB,2025-02-14,0.0,2418997.0
TB,2025-02-14,2047192.0,TB,2025-02-14,0.0,2047192.0
TB,2025-02-14,2203840.0,TB,2025-02-14,0.0,2203840.0
TB,2025-02-14,1335514.0,TB,2025-02-14,0.0,1335514.0
TB,2025-02-14,60745469.0,TB,2025-02-14,0.0,60745469.0
TB,2025-02-14,378860.0,TB,2025-02-14,0.0,378860.0
TB,2025-03-14,708333.0,TB,2025-03-14,0.0,708333.0
TB,2025-08-15,97474289.0,TB,2025-08-15,0.0,97474289.0
TB,2026-01-16,520000.0,TB,2026-01-16,0.0,520000.0
TB,2025-05-16,13065105.0,TB,2025-05-16,0.0,13065105.0
TB,2025-05-16,1954539.0,TB,2025-05-16,0.0,1954539.0
TB,2025-05-16,9299259.0,TB,2025-05-16,0.0,9299259.0
TB,2025-04-18,65260.0,TB,2025-04-18,0.0,65260.0
TB,2025-04-18,1878739000.0,TB,2025-04-18,0.0,1878739000.0
TB,2025-04-18,997089671.0,TB,2025-04-18,0.0,997089671.0
TB,2025-07-18,97629.0,TB,2025-07-18,0.0,97629.0
TB,2025-07-18,44902865.0,TB,2025-07-18,0.0,44902865.0
TB,2025-07-18,5861682.0,TB,2025-07-18,0.0,5861682.0
TB,2025-09-19,6918394.0,TB,2025-09-19,0.0,6918394.0
TB,2025-12-19,651746.0,TB,2025-12-19,0.0,651746.0
TB,2025-06-20,93325427.0,TB,2025-06-20,0.0,93325427.0
TB,2025-06-20,55205.0,TB,2025-06-20,0.0,55205.0
TB,2025-06-20,17386306.0,TB,2025-06-20,0.0,17386306.0
TB,2025-06-20,76451.0,TB,2025-06-20,0.0,76451.0
TB,2025-06-20,42958.0,TB,2025-06-20,0.0,42958.0
TB,2025-06-20,42780.0,TB,2025-06-20,0.0,42780.0
TB,2025-06-20,2000000.0,TB,2025-06-20,0.0,2000000.0
TB,2025-06-20,38511.0,TB,2025-06-20,0.0,38511.0
TB,2025-06-20,30987.0,TB,2025-06-20,0.0,30987.0
TB,2025-02-21,1125372432.0,TB,2025-02-21,0.0,1125372432.0
TB,2025-02-21,42663433.0,TB,2025-02-21,0.0,42663433.0
TB,2025-02-21,1000000.0,TB,2025-02-21,0.0,1000000.0
TB,2025-02-21,104040.0,TB,2025-02-21,0.0,104040.0
TB,2025-02-21,362716.0,TB,2025-02-21,0.0,362716.0
TB,2025-02-21,741570.0,TB,2025-02-21,0.0,741570.0
TB,2025-03-21,618090.0,TB,2025-03-21,0.0,618090.0
TB,2025-03-21,1473177.0,TB,2025-03-21,0.0,1473177.0
TB,2025-03-21,515438894.0,TB,2025-03-21,0.0,515438894.0
TB,2025-03-21,1574999.0,TB,2025-03-21,0.0,1574999.0
TB,2025-03-21,62491957.0,TB,2025-03-21,0.0,62491957.0
TB,2025-03-21,2746054.0,TB,2025-03-21,0.0,2746054.0
TB,2025-03-21,200000.0,TB,2025-03-21,0.0,200000.0
TB,2025-03-21,131556.0,TB,2025-03-21,0.0,131556.0
TB,2025-08-22,484042.0,TB,2025-08-22,0.0,484042.0
TB,2026-01-23,478327356.0,TB,2026-01-23,0.0,478327356.0
TB,2026-01-23,651727777.0,TB,2026-01-23,0.0,651727777.0
TB,2025-05-23,1922698000.0,TB,2025-05-23,0.0,1922698000.0
TB,2025-05-23,1955206.0,TB,2025-05-23,0.0,1955206.0
TB,2025-05-23,659472.0,TB,2025-05-23,0.0,659472.0
TB,2025-05-23,215682455.0,TB,2025-05-23,0.0,215682455.0
TB,2025-05-23,500000.0,TB,2025-05-23,0.0,500000.0
TB,2025-05-23,50000.0,TB,2025-05-23,0.0,50000.0
TB,2025-04-25,456297435.0,TB,2025-04-25,0.0,456297435.0
TB,2025-04-25,1449545.0,TB,2025-04-25,0.0,1449545.0
TB,2025-04-25,57081.0,TB,2025-04-25,0.0,57081.0
TB,2025-04-25,43296850.0,TB,2025-04-25,0.0,43296850.0
TB,2025-04-25,7000000.0,TB,2025-04-25,0.0,7000000.0
TB,2025-04-25,1011183.0,TB,2025-04-25,0.0,1011183.0
TB,2025-04-25,61037009.0,TB,2025-04-25,0.0,61037009.0
TB,2025-04-25,113827.0,TB,2025-04-25,0.0,113827.0
TB,2025-04-25,640000.0,TB,2025-04-25,0.0,640000.0
TB,2025-04-25,120000.0,TB,2025-04-25,0.0,120000.0
TB,2025-04-25,7909107.0,TB,2025-04-25,0.0,7909107.0
TB,2025-04-25,600000.0,TB,2025-04-25,0.0,600000.0
TB,2025-04-25,2055597.0,TB,2025-04-25,0.0,2055597.0
TB,2025-07-25,1061622000.0,TB,2025-07-25,0.0,1061622000.0
TB,2025-07-25,204052563.0,TB,2025-07-25,0.0,204052563.0
TB,2025-07-25,730920.0,TB,2025-07-25,0.0,730920.0
TB,2025-07-25,2575216.0,TB,2025-07-25,0.0,2575216.0
TB,2025-07-25,2140000.0,TB,2025-07-25,0.0,2140000.0
TB,2025-07-25,685674432.0,TB,2025-07-25,0.0,685674432.0
TB,2025-07-25,11653397.0,TB,2025-07-25,0.0,11653397.0
TB,2025-07-25,609100.0,TB,2025-07-25,0.0,609100.0
TB,2025-07-25,100000.0,TB,2025-07-25,0.0,100000.0
TB,2025-12-26,62100477.0,TB,2025-12-26,0.0,62100477.0
TB,2025-06-27,45926689.0,TB,2025-06-27,0.0,45926689.0
TB,2025-02-28,446339914.0,TB,2025-02-28,0.0,446339914.0
TB,2025-02-28,21957963.0,TB,2025-02-28,0.0,21957963.0
TB,2025-02-28,7351547.0,TB,2025-02-28,0.0,7351547.0
TB,2025-02-28,516318.0,TB,2025-02-28,0.0,516318.0
TB,2025-02-28,1006134.0,TB,2025-02-28,0.0,1006134.0
TB,2025-02-28,277985.0,TB,2025-02-28,0.0,277985.0
TB,2025-02-28,71292111.0,TB,2025-02-28,0.0,71292111.0
TB,2025-03-28,30227613.0,TB,2025-03-28,0.0,30227613.0
TB,2025-03-28,8204826.0,TB,2025-03-28,0.0,8204826.0
TB,2025-03-28,40153456.0,TB,2025-03-28,0.0,40153456.0
TB,2025-11-28,9839632.0,TB,2025-11-28,0.0,9839632.0
TB,2025-05-30,913237187.0,TB,2025-05-30,0.0,913237187.0
TB,2025-05-30,6447390.0,TB,2025-05-30,0.0,6447390.0
TB,2025-05-30,1041013.0,TB,2025-05-30,0.0,1041013.0
TB,2025-05-30,98505.0,TB,2025-05-30,0.0,98505.0
TB,2025-05-30,812764.0,TB,2025-05-30,0.0,812764.0
TB,2025-05-30,34612.0,TB,2025-05-30,0.0,34612.0
TB,2025-05-30,33379.0,TB,2025-05-30,0.0,33379.0
TB,2025-05-30,1263334.0,TB,2025-05-30,0.0,1263334.0
TB,2025-10-31,130000.0,TB,2025-10-31,0.0,130000.0
TB,2025-10-31,101126618.0,TB,2025-10-31,0.0,101126618.0
TB,2025-10-31,1000000.0,TB,2025-10-31,0.0,1000000.0
TB,2025-10-31,481784.0,TB,2025-10-31,0.0,481784.0
